Año;Mes;Precipitaciones;ISSP
1940;1;121.23;1.195342796
1940;2;54.0225;0.533104048
1940;3;50.5694;0.60262294
1940;4;11.0414;0.345050641
1940;5;16.0715;0.223444977
1940;6;36.4347;0.458077183
1940;7;1.24147;0.46025874
1940;8;6.65697;0.504959251
1940;9;5.68563;0.436406759
1940;10;91.0387;0.720990162
1940;11;34.7529;0.41168479
1940;12;8.36318;-0.074659391
1941;1;107.292;0.446355625
1941;2;85.6307;0.719281849
1941;3;39.3941;0.51549234
1941;4;57.7307;0.737497056
1941;5;29.7612;0.740371342
1941;6;19.6564;0.82243907
1941;7;6.46188;0.872089627
1941;8;2.15712;0.875873164
1941;9;41.8138;1.135832821
1941;10;15.477;0.145093635
1941;11;43.7448;0.090951399
1941;12;26.8682;-0.227127301
1942;1;29.3385;-0.414940654
1942;2;48.2702;-0.481732111
1942;3;83.8548;-0.109550276
1942;4;80.3429;0.318066361
1942;5;20.1702;0.233730029
1942;6;2.90849;0.163509615
1942;7;1.79087;0.170686846
1942;8;9.00882;0.236772644
1942;9;20.4717;0.302669354
1942;10;66.6401;0.365397166
1942;11;79.499;0.636366584
1942;12;51.0448;0.449348302
1943;1;51.0448;0.458909553
1943;2;25.7747;0.187567324
1943;3;75.9597;0.4879593
1943;4;31.2402;0.469086853
1943;5;14.375;0.332054976
1943;6;0.184834;0.237068456
1943;7;6.41209;0.286266274
1943;8;0.0293984;0.270702515
1943;9;35.6434;0.474554947
1943;10;35.6421;0.255419061
1943;11;3.97802;-0.160321073
1943;12;201.169;1.106511125
1944;1;1.9697;0.110913183
1944;2;66.3226;0.208271548
1944;3;33.1946;0.11980201
1944;4;33.9761;0.125807003
1944;5;40.7914;0.228978501
1944;6;23.1038;0.342393313
1944;7;3.48665;0.36499021
1944;8;16.2442;0.496867058
1944;9;40.5631;0.745454145
1944;10;45.5358;0.418417221
1944;11;39.9643;0.329899035
1944;12;37.6869;0.110194384
1945;1;55.3984;0.159342764
1945;2;1.16021;-0.335818137
1945;3;24.6351;-0.5021189
1945;4;2.4609;-0.782680486
1945;5;3.80858;-1.015792439
1945;6;6.87172;-1.049975346
1945;7;0.987426;-1.050103802
1945;8;1.7067;-1.050415918
1945;9;1.04718;-1.161145669
1945;10;17.4069;-1.546093572
1945;11;48.1485;-1.560193122
1945;12;117.953;-1.050041015
1946;1;37.746;-1.161405273
1946;2;25.5911;-1.43441697
1946;3;83.5389;-1.065107602
1946;4;127.316;-0.210366259
1946;5;79.5687;0.245405831
1946;6;11.5209;0.253497751
1946;7;3.41227;0.275418314
1946;8;0.435487;0.263547104
1946;9;7.45582;0.211090886
1946;10;24.2903;-0.111266509
1946;11;123.134;0.556474393
1946;12;22.9382;0.193776
1947;1;61.853;0.301615825
1947;2;82.1151;0.542574824
1947;3;54.3619;0.646578782
1947;4;6.40557;0.302897205
1947;5;23.2768;0.246809076
1947;6;0.343205;0.153262617
1947;7;0.102688;0.14508927
1947;8;9.14449;0.212408711
1947;9;14.6384;0.225263434
1947;10;27.2254;-0.070405202
1947;11;22.2545;-0.319957962
1947;12;76.5772;-0.186034515
1948;1;91.9527;0.195500799
1948;2;48.8819;0.134271507
1948;3;17.0658;-0.100856629
1948;4;95.2734;0.462522506
1948;5;58.9592;0.730893155
1948;6;7.40167;0.518225958
1948;7;1.73092;0.524858066
1948;8;0.280332;0.511576037
1948;9;3.54653;0.423572786
1948;10;44.7034;0.286830975
1948;11;0.03309;-0.164780266
1948;12;35.7733;-0.401885212
1949;1;50.6128;-0.396252121
1949;2;43.9656;-0.502185152
1949;3;46.1151;-0.473169049
1949;4;81.4182;-0.035774749
1949;5;19.0839;-0.129988767
1949;6;15.8353;-0.082666164
1949;7;0.456724;-0.087620274
1949;8;26.6605;0.138971615
1949;9;54.6228;0.515403047
1949;10;2.35553;-0.006406421
1949;11;41.844;-0.077832562
1949;12;57.8941;-0.113793871
1950;1;37.4589;-0.227768719
1950;2;10.2459;-0.640313767
1950;3;17.8941;-0.867910201
1950;4;10.6085;-1.074385953
1950;5;27.0112;-1.096517318
1950;6;1.79199;-1.176890027
1950;7;0.0307548;-1.18571746
1950;8;4.64639;-1.159299081
1950;9;55.5622;-0.774325718
1950;10;52.6231;-0.839053982
1950;11;8.45938;-1.214045271
1950;12;38.1043;-1.429954518
1951;1;71.4645;-1.23471767
1951;2;75.4419;-1.054437838
1951;3;64.1369;-0.861550157
1951;4;58.962;-0.628349274
1951;5;27.0856;-0.649804123
1951;6;8.11353;-0.672695296
1951;7;0.288112;-0.679182589
1951;8;1.22735;-0.683853418
1951;9;50.7701;-0.342454447
1951;10;15.9312;-0.740820837
1951;11;136.041;0.044282951
1951;12;65.901;0.081128095
1952;1;47.5216;0.058653016
1952;2;17.5453;-0.287518851
1952;3;55.4377;-0.173732682
1952;4;77.9837;0.232431834
1952;5;60.0473;0.510696536
1952;6;3.54097;0.44622724
1952;7;2.3799;0.4587605
1952;8;36.5549;0.775321811
1952;9;17.5931;0.815043515
1952;10;28.9946;0.268008685
1952;11;34.0257;0.125491023
1952;12;45.3388;-0.024635177
1953;1;40.9454;-0.106907406
1953;2;47.0733;-0.184582232
1953;3;92.0305;0.26194095
1953;4;33.3337;0.262104623
1953;5;3.19093;0.023376401
1953;6;10.7737;0.024674058
1953;7;1.89706;0.03281687
1953;8;0.0983988;0.01788053
1953;9;6.29359;-0.045143804
1953;10;60.5813;-0.037508442
1953;11;91.3924;0.341607233
1953;12;84.0589;0.543561509
1954;1;27.7693;0.341479477
1954;2;34.4022;0.148586795
1954;3;121.934;0.867021425
1954;4;60.0421;1.110043618
1954;5;4.89181;0.324327867
1954;6;2.37114;0.249221348
1954;7;1.68581;0.255443272
1954;8;0.306076;0.242395333
1954;9;17.2384;0.278891762
1954;10;8.74967;-0.184776021
1954;11;57.2824;-0.115821347
1954;12;74.4771;-0.000994034
1955;1;109.628;0.541262146
1955;2;127.113;1.191385429
1955;3;69.6771;1.43464995
1955;4;28.2957;0.501943369
1955;5;12.7859;0.350461864
1955;6;10.7292;0.351354883
1955;7;0.633914;0.348011955
1955;8;5.23992;0.379827282
1955;9;10.8057;0.357831402
1955;10;115.926;0.868714128
1955;11;89.802;1.233368353
1955;12;57.941;0.5120552
1956;1;84.697;0.827614694
1956;2;73.2712;0.988156429
1956;3;94.2209;1.454596839
1956;4;75.4207;1.837456088
1956;5;2.87993;0.306033914
1956;6;0.957686;0.218074909
1956;7;11.6174;0.314604424
1956;8;10.3187;0.392600914
1956;9;30.5491;0.550131059
1956;10;28.1641;0.260456978
1956;11;60.3904;0.357672584
1956;12;23.0618;0.004982426
1957;1;67.272;0.162097023
1957;2;22.0667;-0.142961917
1957;3;49.5983;-0.082273202
1957;4;100.332;0.527103601
1957;5;77.1941;0.961283538
1957;6;8.53092;0.528494188
1957;7;0.42588;0.523259614
1957;8;0.960176;0.516159382
1957;9;26.9071;0.640572952
1957;10;73.8055;0.768455489
1957;11;66.8106;0.924049742
1957;12;75.3686;1.046983433
1958;1;33.0408;0.393441576
1958;2;18.2599;0.053767541
1958;3;61.5857;0.223457253
1958;4;47.5017;0.35245004
1958;5;10.9256;0.184052893
1958;6;10.2504;0.180592202
1958;7;0.0517391;0.171955579
1958;8;3.06088;0.183956973
1958;9;2.24879;0.084153418
1958;10;29.3147;-0.192517288
1958;11;33.2674;-0.341930144
1958;12;246.531;1.337377086
1959;1;58.7021;1.416565891
1959;2;57.8515;1.436896849
1959;3;66.2004;1.648547862
1959;4;15.4808;0.385417945
1959;5;105.058;1.072963322
1959;6;3.36499;0.481520572
1959;7;3.96119;0.508432445
1959;8;2.22715;0.512852762
1959;9;31.2544;0.676796175
1959;10;63.5393;0.711328524
1959;11;59.5709;0.801092446
1959;12;67.5893;0.853289242
1960;1;81.3884;1.138763756
1960;2;149.499;1.992442131
1960;3;162.701;3.081569625
1960;4;49.304;3.226950661
1960;5;26.9477;0.52488128
1960;6;24.9703;0.65526811
1960;7;0.937558;0.547008144
1960;8;0.247318;0.53342592
1960;9;2.43756;0.435338845
1960;10;164.193;1.385111664
1960;11;44.4795;0.500128414
1960;12;62.9052;0.509732857
1961;1;24.4551;0.277514924
1961;2;3.95927;-0.192194225
1961;3;35.2036;-0.262395999
1961;4;27.4038;-0.316152693
1961;5;54.439;-0.08888406
1961;6;12.7324;-0.069776014
1961;7;0.554561;-0.073840496
1961;8;0.914709;-0.081354158
1961;9;22.3086;0.001245417
1961;10;14.0034;-0.414650388
1961;11;198.665;0.939891177
1961;12;136.664;1.620181732
1962;1;36.0775;0.42105418
1962;2;19.0642;0.088693616
1962;3;162.897;1.17960333
1962;4;82.2697;1.62474029
1962;5;45.5495;1.771177019
1962;6;16.9704;1.828821046
1962;7;0.240327;0.540668248
1962;8;0.828326;0.532369109
1962;9;5.46591;0.461818711
1962;10;100.341;0.830987593
1962;11;74.1218;1.053062325
1962;12;144.914;1.808369833
1963;1;165.884;2.862159795
1963;2;128.781;3.527450143
1963;3;36.0494;0.485079104
1963;4;53.3316;0.667082962
1963;5;64.0109;0.981388536
1963;6;16.9399;1.038755228
1963;7;4.51203;1.070675869
1963;8;1.71094;0.547316487
1963;9;37.5103;0.768144573
1963;10;9.78723;0.093356761
1963;11;99.2862;0.544250476
1963;12;247.888;2.235896858
1964;1;31.3901;0.378431821
1964;2;83.5905;0.632806579
1964;3;65.2463;0.835781995
1964;4;25.4429;0.476002962
1964;5;7.61991;0.277547295
1964;6;27.8493;0.434112768
1964;7;1.47797;0.43844481
1964;8;2.09242;0.441640032
1964;9;3.91801;0.357014635
1964;10;4.41666;-0.146053052
1964;11;56.5807;-0.083478911
1964;12;101.631;0.278257837
1965;1;66.0631;0.42437995
1965;2;57.9414;0.445528366
1965;3;56.9868;0.573400445
1965;4;28.3255;0.50221434
1965;5;2.56863;0.257827566
1965;6;11.4608;0.265372998
1965;7;2.81717;0.281882338
1965;8;3.87519;0.301288224
1965;9;56.1597;0.691694633
1965;10;116.614;1.208833318
1965;11;55.8576;1.264832337
1965;12;44.4641;0.389510233
1966;1;49.0307;0.380757346
1966;2;99.3859;0.778759108
1966;3;8.05483;0.230525487
1966;4;26.6865;0.17024641
1966;5;16.3324;0.051013101
1966;6;10.6689;0.051357815
1966;7;2.28049;0.062987143
1966;8;0.708486;0.053598303
1966;9;33.2592;0.23577129
1966;10;83.6982;0.453607791
1966;11;50.286;0.458944452
1966;12;7.47305;-0.035493649
1967;1;36.4935;-0.158246844
1967;2;108.936;0.326593633
1967;3;21.3694;0.130597977
1967;4;44.4643;0.231971795
1967;5;22.7659;0.17123807
1967;6;40.7815;0.445395572
1967;7;0.102263;0.43721836
1967;8;0.8431;0.429053561
1967;9;7.05543;0.372956611
1967;10;47.8003;0.2643748
1967;11;119.137;0.895771124
1967;12;11.1642;0.086715442
1968;1;14.3312;-0.237558749
1968;2;144.612;0.571682311
1968;3;76.8924;0.880555295
1968;4;33.8327;0.885256357
1968;5;24.3819;0.501550553
1968;6;10.0588;0.49634765
1968;7;0.187468;0.488945205
1968;8;6.14121;0.528955928
1968;9;1.07905;0.41851597
1968;10;10.7225;-0.027212941
1968;11;76.5792;0.21720684
1968;12;72.7018;0.315891415
1969;1;105.161;0.817529324
1969;2;163.435;1.797927246
1969;3;79.5445;2.130915679
1969;4;48.874;2.272386741
1969;5;45.3294;2.416822109
1969;6;15.0169;2.456703031
1969;7;0.16163;0.539952659
1969;8;17.8659;0.686575567
1969;9;42.9848;0.957183084
1969;10;137.698;1.666037822
1969;11;106.805;2.185299715
1969;12;40.3962;0.352520965
1970;1;256.045;2.226141654
1970;2;2.45628;0.064214266
1970;3;58.0294;0.20156667
1970;4;35.4672;0.221130182
1970;5;19.8307;0.133706789
1970;6;29.7259;0.307336118
1970;7;0.00407852;0.298266118
1970;8;0.0454411;0.282848235
1970;9;0.419869;0.166414368
1970;10;14.6268;-0.243812884
1970;11;27.3872;-0.446694188
1970;12;99.1265;-0.107730768
1971;1;85.0654;0.211178575
1971;2;8.80281;-0.214488439
1971;3;78.906;0.112694136
1971;4;143.488;1.114486893
1971;5;77.3742;1.550304474
1971;6;15.0943;1.590889191
1971;7;0.542187;0.54341305
1971;8;3.09267;0.555703509
1971;9;14.271;0.565217478
1971;10;12.5842;0.118789508
1971;11;56.2983;0.178795796
1971;12;99.5207;0.521343663
1972;1;74.3406;0.742732785
1972;2;43.4145;0.436645886
1972;3;84.8023;0.817443305
1972;4;17.985;0.408188545
1972;5;29.1004;0.405054201
1972;6;16.818;0.46131246
1972;7;1.44246;0.465321611
1972;8;1.2084;0.460478471
1972;9;48.3169;0.779570582
1972;10;120.736;1.334190465
1972;11;87.0787;1.674081822
1972;12;37.7768;0.328702855
1973;1;37.5166;0.215252671
1973;2;21.9668;-0.090714655
1973;3;63.3004;0.094566762
1973;4;10.0232;-0.117231102
1973;5;36.5607;-0.052529208
1973;6;13.7961;-0.023748976
1973;7;0.187009;-0.031155596
1973;8;3.09263;-0.0188655
1973;9;2.69435;-0.114617593
1973;10;83.1509;0.098242329
1973;11;38.7855;-0.000994643
1973;12;104.342;0.38539313
1974;1;18.6514;0.100402362
1974;2;44.584;9.24206E-05
1974;3;50.2198;0.066432413
1974;4;68.1267;0.382967582
1974;5;4.53647;0.156474306
1974;6;34.7268;0.375576639
1974;7;5.23143;0.414038758
1974;8;4.47416;0.438891057
1974;9;3.08863;0.346724137
1974;10;45.7153;0.219183496
1974;11;8.8745;-0.152033122
1974;12;1.15566;-0.703915022
1975;1;41.1931;-0.783934924
1975;2;63.6886;-0.710527426
1975;3;102.491;-0.168887294
1975;4;64.6159;0.115724297
1975;5;38.282;0.196077911
1975;6;12.5729;0.213735629
1975;7;0.583544;0.209934688
1975;8;0.824538;0.201601105
1975;9;3.6419;0.114465049
1975;10;4.09231;-0.391551941
1975;11;14.15;-0.714798627
1975;12;98.9006;-0.377889308
1976;1;39.3782;-0.47441203
1976;2;61.5433;-0.420511667
1976;3;34.8195;-0.494206049
1976;4;119.559;0.290001173
1976;5;61.5295;0.581743467
1976;6;7.07783;0.515281293
1976;7;3.51509;0.538136794
1976;8;3.24564;0.551818204
1976;9;22.6493;0.637515752
1976;10;69.2285;0.723779793
1976;11;15.5295;0.236887106
1976;12;144.653;0.989821351
1977;1;126.215;1.682902525
1977;2;43.1102;0.433878897
1977;3;11.2717;0.146065218
1977;4;11.2916;-0.05419913
1977;5;13.2847;-0.201145066
1977;6;11.8331;-0.190214323
1977;7;9.98468;-0.108531073
1977;8;2.88529;-0.098126312
1977;9;2.9689;-0.191381932
1977;10;73.4794;-0.066464611
1977;11;70.5849;0.123449216
1977;12;78.6076;0.275835017
1978;1;21.8227;0.019680765
1978;2;78.2815;0.225780978
1978;3;38.6124;0.1865753
1978;4;56.3173;0.39572802
1978;5;30.1667;0.402289503
1978;6;18.049;0.469741201
1978;7;0.308482;0.463439131
1978;8;1.08575;0.457480739
1978;9;0.840176;0.344868709
1978;10;16.5461;-0.047906418
1978;11;37.4487;-0.159298864
1978;12;83.4057;0.036715888
1979;1;167.059;1.101190083
1979;2;105.499;1.554778043
1979;3;46.2732;1.585231743
1979;4;23.7327;0.460452175
1979;5;4.31742;0.231967085
1979;6;1.92752;0.152826746
1979;7;18.496;0.311903122
1979;8;0.13339;0.297284955
1979;9;32.0172;0.468164481
1979;10;125.64;1.067376259
1979;11;11.5481;0.200684379
1979;12;11.6019;-0.256210237
1980;1;65.642;-0.113917172
1980;2;61.1981;-0.0631557
1980;3;58.7175;0.080453572
1980;4;20.9803;-0.031711776
1980;5;50.7907;0.162382996
1980;6;13.8492;0.191646064
1980;7;0.917116;0.190878281
1980;8;1.53722;0.18902509
1980;9;18.2609;0.234819075
1980;10;22.8619;-0.100526709
1980;11;75.614;0.135116543
1980;12;6.9045;-0.364491362
1981;1;1.43385;-0.806040692
1981;2;14.9846;-1.175496912
1981;3;19.3229;-1.390101319
1981;4;87.7492;-0.895139464
1981;5;12.8385;-1.04614268
1981;6;18.5432;-0.974197239
1981;7;0.580361;-0.978027123
1981;8;9.72936;-0.90538948
1981;9;7.64275;-0.956145951
1981;10;5.80428;-1.446596059
1981;11;0.32314;-1.895569886
1981;12;111.196;-1.446858937
1982;1;97.8371;-1.011816986
1982;2;37.5284;-1.176283244
1982;3;32.5486;-1.270626838
1982;4;43.7773;-1.175499886
1982;5;14.1382;-1.314684976
1982;6;0.623172;-1.405685705
1982;7;2.48979;-1.392153219
1982;8;1.96716;-1.390096982
1982;9;2.55159;-1.487147187
1982;10;29.0067;-1.766618526
1982;11;160.694;-0.757345897
1982;12;19.2793;-1.144430191
1983;1;1.74275;-1.583170705
1983;2;30.231;-1.813991959
1983;3;15.6033;-2.062418555
1983;4;20.5744;-2.178274737
1983;5;2.03696;-2.427495967
1983;6;1.70602;-2.508650398
1983;7;1.82E-03;-2.517740937
1983;8;9.40603;-2.448043322
1983;9;0.951051;-2.559647171
1983;10;6.63746;-3.042521204
1983;11;196.648;-1.706320147
1983;12;78.9759;-1.550585408
1984;1;9.33376;-1.920301141
1984;2;43.3465;-2.031863625
1984;3;62.7181;-1.851877041
1984;4;22.7619;-1.947842365
1984;5;77.411;-1.511690163
1984;6;4.63679;-1.566195208
1984;7;0.219086;-1.573310152
1984;8;0.731019;-1.5824941
1984;9;1.44313;-1.689623492
1984;10;8.55457;-2.155065313
1984;11;121.292;-1.504073651
1984;12;9.60215;-1.979151922
1985;1;57.7587;-1.90854142
1985;2;80.5316;-1.681981129
1985;3;8.54485;-1.994589956
1985;4;26.7782;-2.054035209
1985;5;30.4185;-2.045184117
1985;6;1.51591;-2.128067212
1985;7;0.0462287;-2.136753941
1985;8;0.0602054;-2.152037573
1985;9;13.0596;-2.153538822
1985;10;2.77918;-2.671496055
1985;11;97.5349;-2.236526849
1985;12;37.9282;-2.454037367
1986;1;31.2019;-2.62490689
1986;2;72.1975;-2.474128271
1986;3;61.6158;-2.304164861
1986;4;33.1211;-2.305934352
1986;5;11.0348;-2.473338547
1986;6;11.7947;-2.462756974
1986;7;8.9374;-2.390596603
1986;8;0.423144;-2.402580047
1986;9;12.9556;-2.405026964
1986;10;77.6729;-2.241978299
1986;11;42.3375;-2.308917062
1986;12;9.37121;-2.786095263
1987;1;132.07;-2.039774785
1987;2;62.0676;-1.981106981
1987;3;4.64046;-2.329218287
1987;4;20.8872;-2.44223019
1987;5;2.45888;-2.687614916
1987;6;1.91414;-2.766876919
1987;7;3.34568;-2.745561857
1987;8;38.1247;-2.41472641
1987;9;11.4211;-2.43112648
1987;10;64.6875;-2.38615359
1987;11;58.0448;-2.31026644
1987;12;101.242;-1.952066855
1988;1;74.2193;-1.731780709
1988;2;50.0331;-1.782542181
1988;3;9.46256;-2.086806304
1988;4;29.4307;-2.122132469
1988;5;34.3145;-2.077855191
1988;6;16.7685;-2.022047033
1988;7;1.1444;-2.020748131
1988;8;0.372076;-2.033195935
1988;9;16.3705;-2.004591288
1988;10;79.263;-1.827083901
1988;11;75.4977;-1.59249816
1988;12;3.55293;-2.122581771
1989;1;82.3197;-1.82863898
1989;2;64.4943;-1.74790528
1989;3;42.6193;-1.750676361
1989;4;50.3213;-1.596045053
1989;5;29.7898;-1.592910708
1989;6;6.87386;-1.627074156
1989;7;2.06783;-1.617378538
1989;8;3.64177;-1.600095132
1989;9;59.2586;-1.181510537
1989;10;90.7453;-0.899595009
1989;11;246.368;0.888708217
1989;12;161.114;1.791321742
1990;1;46.5294;0.516092931
1990;2;0.249817;0.012653859
1990;3;58.4508;0.153838038
1990;4;89.3531;0.663384098
1990;5;17.0693;0.435057345
1990;6;0.932366;0.346868106
1990;7;1.58799;0.352200556
1990;8;3.92233;0.372035084
1990;9;20.6673;0.439710378
1990;10;54.7957;0.394737487
1990;11;38.1596;0.289809229
1990;12;63.7265;0.306881724
1991;1;29.2437;0.118206358
1991;2;71.6903;0.264373027
1991;3;87.4707;0.669434111
1991;4;25.1282;0.473141406
1991;5;3.64128;0.2385082
1991;6;9.82628;0.231191001
1991;7;1.08599;0.231958783
1991;8;0.630994;0.221865311
1991;9;26.2193;0.340024741
1991;10;88.3432;0.60009806
1991;11;30.9482;0.37708879
1991;12;28.7971;0.076549508
1992;1;52.6118;0.100359434
1992;2;76.2303;0.287808159
1992;3;43.2288;0.29057924
1992;4;33.5103;0.292348731
1992;5;15.66;0.167001313
1992;6;93.4097;0.919705142
1992;7;2.20059;0.930607942
1992;8;0.166435;0.533272358
1992;9;13.3898;0.534773607
1992;10;84.0186;0.755523493
1992;11;40.5208;0.464132097
1992;12;31.4742;0.187935589
1993;1;27.6733;-0.015019367
1993;2;75.601;0.166707155
1993;3;52.3824;0.252711591
1993;4;46.2491;0.370314532
1993;5;55.8652;0.61055155
1993;6;6.06189;0.506043387
1993;7;0.0348073;0.497252803
1993;8;0.61657;0.487028174
1993;9;2.61305;0.390536823
1993;10;95.5055;0.715736678
1993;11;73.2293;0.929695939
1993;12;2.55238;0.008408473
1994;1;49.7573;0.006262533
1994;2;80.2162;0.229954903
1994;3;7.50242;-0.092132703
1994;4;37.959;-0.049911343
1994;5;13.5777;-0.19419304
1994;6;0.614045;-0.28527676
1994;7;0.429949;-0.290474335
1994;8;0.671374;-0.300200633
1994;9;18.9433;-0.248201609
1994;10;64.7125;-0.203001394
1994;11;43.6578;-0.257934718
1994;12;6.25948;-0.763407767
1995;1;22.5244;-1.013181485
1995;2;30.4381;-1.242119586
1995;3;28.3945;-1.374236261
1995;4;7.54881;-1.608533664
1995;5;1.43983;-1.863184576
1995;6;22.8737;-1.751862055
1995;7;1.82273;-1.744395122
1995;8;11.832;-1.65263825
1995;9;5.89236;-1.719310953
1995;10;7.13213;-2.197686969
1995;11;54.7625;-2.151645656
1995;12;193.773;-0.952065019
1996;1;248.988;0.857386622
1996;2;71.1673;0.998797671
1996;3;61.0587;1.16369539
1996;4;40.0306;1.224753734
1996;5;109.396;1.951744389
1996;6;4.57676;0.492539153
1996;7;8.2032;0.55802347
1996;8;21.1249;0.734280347
1996;9;50.1225;1.069790714
1996;10;34.1239;0.314649225
1996;11;119.644;0.950655682
1996;12;304.397;3.156136367
1997;1;168.104;4.230112709
1997;2;1.43852;0.054959811
1997;3;6.40434;-0.277112597
1997;4;55.3725;-0.076550909
1997;5;42.7621;0.044540092
1997;6;16.2651;0.095770852
1997;7;0.706406;0.093087091
1997;8;4.40983;0.117354439
1997;9;124.929;1.133077616
1997;10;29.0892;0.268868879
1997;11;112.163;0.836850873
1997;12;161.84;1.74606589
1998;1;50.2293;1.748211829
1998;2;102.005;2.170028973
1998;3;12.5611;0.271500837
1998;4;14.8461;0.10355743
1998;5;52.2019;0.310484193
1998;6;11.4357;0.317801392
1998;7;0.0218583;0.308893063
1998;8;1.94483;0.310746255
1998;9;44.7733;0.597616538
1998;10;1.56216;0.018566495
1998;11;11.0227;-0.333116617
1998;12;59.9714;-0.350189112
1999;1;45.2679;-0.393157004
1999;2;39.1642;-0.542748991
1999;3;55.1464;-0.431611603
1999;4;13.6734;-0.61021833
1999;5;8.33578;-0.802164616
1999;6;1.87023;-0.881825892
1999;7;0.835305;-0.883337579
1999;8;0.462707;-0.894961278
1999;9;28.6808;-0.754419517
1999;10;117.209;-0.231870518
1999;11;44.6357;-0.277911832
1999;12;40.4398;-0.472584462
2000;1;52.4712;-0.450053007
2000;2;0.0235916;-0.955549138
2000;3;16.2339;-1.19824171
2000;4;106.118;-0.536253018
2000;5;70.9684;-0.158683146
2000;6;0.366356;-0.252019094
2000;7;0.00271123;-0.261101526
2000;8;0.442925;-0.272905102
2000;9;10.8608;-0.29439996
2000;10;87.8082;-0.039191377
2000;11;43.2742;-0.097612761
2000;12;172.248;0.906241825
2001;1;70.9957;1.097215892
2001;2;29.6834;0.311789488
2001;3;58.3676;0.452217132
2001;4;4.40957;0.189374732
2001;5;42.8036;0.310843092
2001;6;4.13418;0.251767833
2001;7;0.389962;0.246206658
2001;8;0.861224;0.238206659
2001;9;61.5711;0.677818733
2001;10;78.3709;0.847214287
2001;11;60.6721;0.946991381
2001;12;80.7021;1.118422395
2002;1;20.21;0.276771574
2002;2;7.27593;-0.162779305
2002;3;94.0277;0.301904345
2002;4;76.1688;0.69156604
2002;5;14.0504;0.407606596
2002;6;10.1217;0.40297564
2002;7;1.41577;0.4067421
2002;8;6.76508;0.452425652
2002;9;17.0038;0.486788872
2002;10;25.6452;0.176751534
2002;11;132.379;0.928556888
2002;12;62.0604;0.930479595
2003;1;49.9786;0.547456382
2003;2;82.1995;0.789182827
2003;3;56.5379;0.912973075
2003;4;51.606;1.079286115
2003;5;8.34992;0.355772336
2003;6;1.10737;0.269174403
2003;7;0.145289;0.261388425
2003;8;0.88511;0.253605621
2003;9;10.4788;0.228637251
2003;10;147.571;1.027266822
2003;11;99.6893;1.481825911
2003;12;113.123;1.948059001
2004;1;9.18529;0.176524283
2004;2;74.9194;0.352053041
2004;3;120.159;1.054347661
2004;4;77.7765;1.458628114
2004;5;60.7525;1.743305175
2004;6;1.70327;0.466410612
2004;7;3.22694;0.486645976
2004;8;3.40182;0.501747525
2004;9;3.98248;0.417708351
2004;10;36.7385;0.208541991
2004;11;25.1454;-0.014723919
2004;12;74.1979;0.097564639
2005;1;1.24894;-0.345666071
2005;2;88.4651;-0.046966751
2005;3;54.6939;0.060056072
2005;4;7.19494;-0.177459058
2005;5;7.2317;-0.379444705
2005;6;0.314061;-0.473256169
2005;7;0.317967;-0.479471992
2005;8;2.23575;-0.474973475
2005;9;10.9056;-0.496060968
2005;10;39.2323;-0.682551294
2005;11;37.4991;-0.793485455
2005;12;29.6581;-1.086195695
2006;1;112.926;-0.51395092
2006;2;44.3234;-0.616630488
2006;3;60.2023;-0.459519983
2006;4;39.1086;-0.406845352
2006;5;44.2968;-0.271799378
2006;6;9.52734;-0.281834828
2006;7;0.64867;-0.28504358
2006;8;5.15734;-0.253979151
2006;9;30.5428;-0.096506291
2006;10;44.6244;-0.233966447
2006;11;112.639;0.338343798
2006;12;28.6347;0.036327818
2007;1;63.0413;0.154972813
2007;2;38.1627;-0.003725779
2007;3;17.9151;-0.23113126
2007;4;55.6593;-0.02796171
2007;5;45.648;0.119370676
2007;6;1.02484;0.0320223
2007;7;0.00669307;0.022976074
2007;8;5.25128;0.054894697
2007;9;58.6158;0.467634335
2007;10;56.6336;0.439373403
2007;11;29.0071;0.251221792
2007;12;61.1718;0.245064491
2008;1;36.8941;0.125953937
2008;2;54.4443;0.115303348
2008;3;25.3149;-0.044816018
2008;4;63.9863;0.234070643
2008;5;46.2282;0.386678767
2008;6;3.53285;0.322135635
2008;7;1.70743;0.32855415
2008;8;0.161935;0.314195541
2008;9;78.7935;0.910410279
2008;10;114.729;1.410408727
2008;11;87.8038;1.756893392
2008;12;60.7324;0.5374373
2009;1;65.0042;0.673930873
2009;2;87.2805;0.961858668
2009;3;54.1682;1.064101319
2009;4;30.4346;0.52139231
2009;5;7.1511;0.318673771
2009;6;2.28029;0.242741156
2009;7;0.183968;0.235306885
2009;8;2.09285;0.238506017
2009;9;47.8922;0.553736347
2009;10;23.9422;0.222067393
2009;11;19.3607;-0.053798585
2009;12;303.111;2.139988548
2010;1;170.596;3.236624556
2010;2;195.802;4.511334444
2010;3;121.185;5.222958444
2010;4;50.0816;5.375410169
2010;5;14.1329;0.408356765
2010;6;16.8635;0.465028754
2010;7;0.66216;0.461942666
2010;8;17.2809;0.60324619
2010;9;24.4838;0.705624781
2010;10;43.5315;0.400192193
2010;11;91.2009;0.777566566
2010;12;188.159;1.926099302
2011;1;58.1708;2.000457015
2011;2;37.7336;0.384989666
2011;3;104.974;0.949207627
2011;4;67.8889;1.26358049
2011;5;52.0005;1.46867593
2011;6;12.4694;1.485392526
2011;7;0.37655;0.541906919
2011;8;0.892392;0.534190329
2011;9;12.1432;0.524356289
2011;10;50.2165;0.437744898
2011;11;119.173;1.069468569
2011;12;7.36266;0.052148175
2012;1;28.254;-0.145526497
2012;2;6.4198;-0.592862135
2012;3;21.2923;-0.789558858
2012;4;39.8282;-0.73034093
2012;5;14.3561;-0.867544664
2012;6;1.54488;-0.950164335
2012;7;0.979451;-0.950365308
2012;8;2.63391;-0.942246337
2012;9;86.775;-0.273456107
2012;10;95.0787;0.047862871
2012;11;167.198;1.116276137
2012;12;16.5008;0.135240953
2013;1;48.9711;0.125946126
2013;2;60.8681;0.173706919
2013;3;144.63;1.09851546
2013;4;35.4275;1.117717981
2013;5;19.1538;0.454011628
2013;6;0.435025;0.361300086
2013;7;1.18015;0.362924062
2013;8;13.4372;0.46927696
2013;9;24.6486;0.573154071
2013;10;12.3561;0.116715403
2013;11;15.2219;-0.196784535
2013;12;54.562;-0.263044509
2014;1;54.2604;-0.224243922
2014;2;52.6404;-0.251297309
2014;3;22.5062;-0.436956084
2014;4;32.2009;-0.44709292
2014;5;11.3528;-0.611605552
2014;6;16.7696;-0.555787393
2014;7;0.130947;-0.563703782
2014;8;0.166111;-0.578024418
2014;9;48.1921;-0.260067109
2014;10;30.9254;-0.522091778
2014;11;120.251;0.119434109
2014;12;19.7632;-0.263250101
2015;1;39.15789027;-0.361776091
2015;2;35.51928373;-0.544511172
2015;3;70.82465244;-0.290811998
2015;4;31.46657359;-0.307626038
2015;5;6.585227885;-0.515490032
2015;6;5.582273925;-0.561397826
2015;7;1.030543204;-0.561134219
2015;8;2.241239743;-0.556585784
2015;9;46.80954054;-0.251200038
2015;10;82.77436549;-0.041763931
2015;11;41.57920358;-0.115597857
2015;12;1.94405802;-0.660310883
2016;1;33.43652951;-0.810861
2016;2;34.77659231;-1.000349347
2016;3;18.35648591;-1.223741323
2016;4;41.22172881;-1.151852087
2016;5;56.11169817;-0.90937367
2016;6;0.298341094;-1.003328075
2016;7;1.224401746;-1.001301719
2016;8;1.7568663;-1.001157675
2016;9;4.11070306;-1.084030921
2016;10;36.96782309;-1.291112054
2016;11;129.3167656;-0.567151488
2016;12;141.2284005;0.154642997
2017;1;24.23792329;-0.079549716
2017;2;53.06393105;-0.10275195
2017;3;58.38707559;0.037852785
2017;4;40.23610413;0.100779771
2017;5;9.503417602;-0.080549229
2017;6;0.835626213;-0.16961812
2017;7;0.338148137;-0.175650436
2017;8;24.94147287;0.035310401
2017;9;2.88045029;-0.058749489
2017;10;35.70463964;-0.277316704
2017;11;48.0286942;-0.292505644
2017;12;24.90597004;-0.628426831
2018;1;32.12251519;-0.790925233
2018;2;34.66785828;-0.981402295
2018;3;192.8532182;0.381898233
2018;4;53.85448968;0.568656708
2018;5;23.48089302;0.493357729
2018;6;2.999582877;0.423965619
2018;7;0.02505692;0.415086375
2018;8;5.724477378;0.451307764
2018;9;31.83896217;0.62056658
2018;10;145.3717274;1.399198245
2018;11;80.24319788;1.676934627
2018;12;6.34634988;0.042906904
2019;1;22.99078359;-0.202626005
2019;2;8.830024471;-0.628045559
2019;3;19.4531557;-0.841465556
2019;4;64.45143794;-0.558349412
2019;5;1.089041212;-0.816190033
2019;6;0.838160497;-0.905235879
2019;7;0.154768293;-0.912935662
2019;8;1.2868909;-0.917065087
2019;9;73.90686995;-0.365284301
2019;10;19.31097767;-0.732918494
2019;11;59.98114879;-0.639424194
2019;12;62.18569391;-0.636362194
2020;1;73.8005157;-0.419884039
2020;2;1.233729532;-0.914376429
2020;3;86.59615959;-0.517267509
2020;4;51.18403062;-0.354791422
2020;5;33.09093802;-0.321639948
2020;6;3.099018734;-0.390127892
2020;7;1.155865899;-0.38872473
2020;8;0.484187924;-0.400153104
2020;9;13.30129715;-0.399456609
2020;10;25.79462029;-0.708135273
2020;11;72.71416053;-0.498860157
2020;12;21.3801449;-0.866841544
2021;1;93.68222532;-0.469579719
2021;2;24.37494871;-0.753649837
2021;3;39.60400106;-0.783838922
2021;4;49.53027779;-0.63640035
2021;5;27.23169553;-0.656526757
2021;6;12.38657599;-0.640563277
2021;7;2.102986468;-0.630547982
2021;8;1.045388545;-0.636873379
2021;9;18.11246741;-0.592429086
2021;10;15.59820757;-0.993823364
2021;11;26.70384013;-1.202918434
2021;12;35.51585189;-1.442364347
