datetime,IESP,spi_3,spi_6,spi_12
1940-01-01,0.4537312601971856,,,
1940-02-01,0.47028829782440423,,,
1940-03-01,0.5127827346953736,0.6890986335417298,,
1940-04-01,0.3265152414883444,0.5460733144279424,,
1940-05-01,0.3210519426152348,0.5132290861250514,,
1940-06-01,0.35545194650821277,0.5622639815405954,0.6618738490443596,
1940-07-01,0.3566712678725374,0.6830323171470165,0.5753850665987433,
1940-08-01,0.3748618715798979,0.8492701685001517,0.6005161593173416,
1940-09-01,0.346444506049705,0.5502477998967826,0.5200916309592511,
1940-10-01,0.42576819984246017,0.707658865811648,0.7417864448436029,
1940-11-01,0.43729758616703823,0.6300938150658976,0.6988389751861055,
1940-12-01,0.30383952045662366,0.5420986951493013,0.5159289331286908,0.54160599247316
1941-01-01,0.48802218512508755,0.6609404895807803,0.695070976012195,0.6200196029155539
1941-02-01,0.6067915115400466,0.756850164766699,0.7551860659115711,0.7028164876878995
1941-03-01,0.627512314821778,0.8382194066301938,0.7538793261761715,0.6837324869406651
1941-04-01,0.6912627462383427,0.7960443949546645,0.7487099710527556,0.7611057867890196
1941-05-01,0.7122306777640023,0.7023242857508563,0.7841420139993377,0.7697535396320656
1941-06-01,0.7257831256482157,0.7831737103418814,0.9181073433331736,0.7522993500332456
1941-07-01,0.7374247673381757,0.7293652892902726,0.8329402253857567,0.7597383685430547
1941-08-01,0.7394338175766286,0.7309712592857627,0.7324881287128162,0.7477907202398181
1941-09-01,0.7732901274696815,0.7234297744908755,0.8299077885243653,0.7848780748171471
1941-10-01,0.3140202395886901,0.4827163013424261,0.5769388184406177,0.685593329113034
1941-11-01,0.3616157555388335,0.55771487012213,0.5815950833470956,0.7160555374658231
1941-12-01,0.31570337091987355,0.4126721687718203,0.4588359077878112,0.7425727317373112
1942-01-01,0.2985937720579358,0.48152569052136385,0.41009261922989276,0.5679378211876598
1942-02-01,0.28571990913800877,0.41684048569759424,0.3986717196746626,0.43934042942330936
1942-03-01,0.3804418897263649,0.5842531681757857,0.4587930915993709,0.5140974027329769
1942-04-01,0.4256547358893288,0.6990687530415269,0.5599334179767316,0.49542361013072356
1942-05-01,0.3300994192503405,0.7157294653598152,0.5081167875086715,0.45134100178359016
1942-06-01,0.3195201248008047,0.5869683221094197,0.5626104513213752,0.42867955161859556
1942-07-01,0.31768748486661524,0.38581542670573854,0.6207036964677066,0.41509740748021556
1942-08-01,0.31518059499887363,0.3976285509629355,0.6728549843822018,0.4109255155110633
1942-09-01,0.35473937576805475,0.676057703488737,0.6120250781738164,0.41369266052885484
1942-10-01,0.42059097315841976,0.7354077042713865,0.6329830496931556,0.5214598519327407
1942-11-01,0.42847374683165895,0.6799577536886171,0.6391540925403624,0.48551864824089996
1942-12-01,0.433251051121198,0.6005362324307885,0.6086465412742063,0.5257899516173747
1943-01-01,0.4471824207333148,0.5320930521349735,0.5936741965917156,0.5540347897357609
1943-02-01,0.31451085172158677,0.4912589113056988,0.5409697434886064,0.5263499751747921
1943-03-01,0.3916484121287179,0.563753441158685,0.5599025759034159,0.5105011457223076
1943-04-01,0.41529229959427555,0.5970830341038028,0.5296357700073346,0.48867028882899777
1943-05-01,0.33788374247343533,0.6627955027708389,0.5254625887879528,0.4978789768622197
1943-06-01,0.3214015539401557,0.5330805006559075,0.5154933068304309,0.4930838530843934
1943-07-01,0.33147102583293353,0.46847645271529753,0.5332602186564553,0.5041876778269934
1943-08-01,0.32742320201468167,0.4571990104820906,0.6220337177488353,0.5030017581656188
1943-09-01,0.3584746775884065,0.6835839555746779,0.5667582735389527,0.49401909707380653
1943-10-01,0.3445726608746138,0.5470838085083877,0.4469622023018762,0.42397428665484593
1943-11-01,0.3005680033082846,0.4195221619294674,0.35156252957845324,0.3686020060420731
1943-12-01,0.39026968137917945,0.5352507235930203,0.5501751560056746,0.4466562897906148
1944-01-01,0.2992349082554374,0.47967469107712374,0.43956175982088197,0.36720331503136805
1944-02-01,0.30573263492957886,0.5688590627246759,0.4563551158612144,0.42365204212876273
1944-03-01,0.32211372502174446,0.4311968125369328,0.42480067622991935,0.3602172394143274
1944-04-01,0.3254507138321815,0.5407410698340607,0.4554677349259905,0.3325647275506197
1944-05-01,0.33071395374346,0.5524707290874217,0.5306765379326547,0.3678397266478154
1944-06-01,0.3457792947235296,0.6254520596088263,0.4447942661157475,0.4034138946033774
1944-07-01,0.3443440894357221,0.6474154709721146,0.5521058706685928,0.3914974424695812
1944-08-01,0.3648938588327403,0.7650706698460404,0.5969052683789821,0.4173669574158766
1944-09-01,0.3909034104868813,0.7146741928509427,0.6716670902538017,0.4090613357070773
1944-10-01,0.3912615002648108,0.6250641998896057,0.6365397702213695,0.428706569603907
1944-11-01,0.3471938952090815,0.514990143472334,0.5529508973850747,0.4610076243966966
1944-12-01,0.3239629406686196,0.4195318249977024,0.46055896222193954,0.32692301901440446
1945-01-01,0.3404349501763836,0.4729780962429971,0.4765541131470533,0.4102224642718311
1945-02-01,0.2805150836267508,0.42386474379321365,0.37444231934887673,0.33909748612435
1945-03-01,0.2783047779802437,0.40876286999070277,0.3255433052433731,0.32092933887092945
1945-04-01,0.21768911420883552,0.11735627941078575,0.25121142169228194,0.2354425633699629
1945-05-01,0.17754414978952857,0.15106957706212998,0.20850353054401632,0.18917687237058867
1945-06-01,0.18523196609198353,0.19312189179370653,0.20356244363174025,0.1835696725091484
1945-07-01,0.1855639827013414,0.42813326153869413,0.06548915237821712,0.18612318805558292
1945-08-01,0.18180443577094962,0.5921824450891104,0.1505587867656762,0.1532413805881226
1945-09-01,0.16485623965457707,0.2280774827737792,0.0,0.07789690052476489
1945-10-01,0.15202428346512112,0.37965881836275034,0.25249200765409036,0.08388058265653686
1945-11-01,0.18415415838864055,0.48366536940861127,0.4579956915400614,0.13789252427158627
1945-12-01,0.24358097122035144,0.6008292298571964,0.5318438711988852,0.2209963276907112
1946-01-01,0.22799507609209407,0.5913199619911094,0.4914480088374673,0.17531032389718448
1946-02-01,0.19340345526571515,0.5338151629691891,0.45318322304204095,0.2184561918830321
1946-03-01,0.2757526313326062,0.5401576864723185,0.5437351884263542,0.3284146302021797
1946-04-01,0.3324803483726818,0.6672170758872402,0.6174461033191746,0.4533906484474082
1946-05-01,0.4141527614630552,0.8706706836144908,0.6856196013890248,0.5695334026945716
1946-06-01,0.414444590000264,0.8548058717801328,0.6791007648487039,0.5629866639905461
1946-07-01,0.422520675108648,0.8382171861232024,0.7666482930784481,0.56970294890822
1946-08-01,0.35186624030513775,0.5889730295012068,0.8752460552691842,0.5691163082063952
1946-09-01,0.3504293259710498,0.5026596159430944,0.8205168225722965,0.5834338962702867
1946-10-01,0.3331681340843087,0.4231157147187443,0.6387003412497567,0.5776823304031569
1946-11-01,0.3913299716427144,0.5584555468253086,0.5369555003536627,0.6007728599632919
1946-12-01,0.32656644053349915,0.49836272271941484,0.4607625495504443,0.523085184981078
1947-01-01,0.39037845667962745,0.6090636792836548,0.5243849967517706,0.596191486104144
1947-02-01,0.5973753773197104,0.7499280244910472,0.715007940507194,0.7894418015526047
1947-03-01,0.7428712853573973,0.9069612523104914,0.8002893469340249,0.8315303940185197
1947-04-01,0.32364335634967284,0.9221352128307709,0.7948825226101038,0.7722090429886173
1947-05-01,0.31410587503740084,0.6986033749848883,0.7755238908777455,0.6930721668363677
1947-06-01,0.2994039320852008,0.3783803725866862,0.8643302540755442,0.6799439107347474
1947-07-01,0.29968438515067075,0.4735840600759026,0.8852902847508082,0.6739106881079778
1947-08-01,0.3038869297014532,0.460042288764993,0.6623127796456283,0.6804916213292955
1947-09-01,0.3154797227433633,0.5874430082242065,0.36387705314652624,0.6942220771955192
1947-10-01,0.3402068683192392,0.610521277789096,0.51955558513784,0.7163329399241867
1947-11-01,0.323009508356194,0.5189914856028669,0.46326313041082934,0.6642245691842144
1947-12-01,0.35105536165129353,0.5379124169058593,0.5218522367828878,0.7241181061383926
1948-01-01,0.46615633259752975,0.6440851841605569,0.6325187733605766,0.762857843173778
1948-02-01,0.49138660164310777,0.6929755481341084,0.6354369100980787,0.6096150385919288
1948-03-01,0.33604719612967987,0.6501959003092942,0.5859070890770312,0.4551124710620485
1948-04-01,0.3569393310164635,0.5399173347060826,0.5920601543690478,0.5069836693558835
1948-05-01,0.4148172354444652,0.6193318357602801,0.6829285211739557,0.5687337542103315
1948-06-01,0.344728322954844,0.7221169140804231,0.6967738541666421,0.5711936284664351
1948-07-01,0.34345469304992676,0.7259433914876624,0.5934834231312293,0.5698797828683873
1948-08-01,0.3398931923704575,0.37185284787310097,0.5610867517839292,0.5632717467056048
1948-09-01,0.32355934495655947,0.20369996320586514,0.61784998652499,0.5387948332086839
1948-10-01,0.32807931769360227,0.4525300663655011,0.552470922320374,0.521665701736072
1948-11-01,0.26932638789370006,0.27891804799427905,0.17615111961018098,0.4840208658861309
1948-12-01,0.2793890394106348,0.39469398585042637,0.30863615655774723,0.4602669213616922
1949-01-01,0.25295380053759536,0.37043465984751844,0.2869595942408211,0.29874042947345936
1949-02-01,0.20971324196900165,0.4358589824644069,0.248768973421786,0.2168826196353249
1949-03-01,0.20584598148932923,0.34613849492186843,0.26610394571824125,0.24360713011350538
1949-04-01,0.19608609081563744,0.35911541120097346,0.2620485969741753,0.1953882634009187
1949-05-01,0.18447003650672855,0.4334727597704358,0.3489092104989173,0.11196365876637143
1949-06-01,0.18216389210294268,0.4961569878537092,0.2936988067812351,0.13125109779266148
1949-07-01,0.18353603316563502,0.5282307055823579,0.3260688172035127,0.13529108835045506
1949-08-01,0.1897808800537293,0.5998564106340682,0.41440853779186304,0.15055766081831895
1949-09-01,0.26378321118476156,0.8325618946370271,0.6466052551924922,0.26287140431047806
1949-10-01,0.21078652758622318,0.57858693268274,0.5146910805054795,0.20761070724176678
1949-11-01,0.21972814415190028,0.5404067414453133,0.5205472217808023,0.2861184783295277
1949-12-01,0.2120748248341579,0.37842859653186944,0.4881685845509315,0.23862406632060804
1950-01-01,0.1899491750125007,0.46559190845172993,0.4433624559710616,0.24345891744016163
1950-02-01,0.17322013761686852,0.45692521855592316,0.4182634612883499,0.2837556738470601
1950-03-01,0.17741852192430374,0.43050076431000905,0.31328151889104117,0.29773665036191066
1950-04-01,0.13416156508637014,0.3620204774506407,0.3433821322148449,0.2498421108671223
1950-05-01,0.15169776216109052,0.4433086841671112,0.37265247192099893,0.2979029274104712
1950-06-01,0.13552237924342828,0.4356764212722942,0.333505961726303,0.2845846831941438
1950-07-01,0.1344467919216808,0.5812496634706639,0.35844024384358586,0.2817593919141216
1950-08-01,0.14285090337744172,0.4756137663678325,0.3858918427858139,0.2850912190199263
1950-09-01,0.17609792606673583,0.6974124774612043,0.4919738623764821,0.22721840023909506
1950-10-01,0.16661291916576176,0.5907115631574003,0.5595971752706991,0.29691911535779736
1950-11-01,0.14868371012203538,0.4912369114073881,0.4353327171569839,0.26028539689097835
1950-12-01,0.1804961872131098,0.4870325437394574,0.5117160073964105,0.28501398915719234
1951-01-01,0.21809015046188734,0.5629805526392707,0.5419774951324697,0.3562341164592234
1951-02-01,0.27061942248689697,0.652481331664871,0.5791013817568217,0.435571077080621
1951-03-01,0.3550712222695722,0.7074625871357925,0.6070344356873237,0.5165831912977855
1951-04-01,0.3541661587619651,0.7113393129441283,0.6235737290513835,0.5561498120088761
1951-05-01,0.35031329218802326,0.6582650820924649,0.6614845547190449,0.5358198428028265
1951-06-01,0.3444713145440074,0.5352717102376979,0.6714630822567972,0.5452473595565619
1951-07-01,0.34227367567113537,0.5311371244822253,0.6730782671226776,0.544286388991391
1951-08-01,0.33846045535373787,0.44014662617191647,0.6142574648384218,0.5335866489897035
1951-09-01,0.38847259170709647,0.7104819504907554,0.586627170468501,0.5486633088474129
1951-10-01,0.3408195201169594,0.5869190079435208,0.5251395582745153,0.5433014082075366
1951-11-01,0.47757259505818295,0.7593415797959346,0.7366042107611109,0.6702821748301931
1951-12-01,0.32852718874552744,0.6204932688550093,0.6386539484103015,0.6316578450333122
1952-01-01,0.3293800206723597,0.6276147416079292,0.6053080428823387,0.5971888279547284
1952-02-01,0.2886063705582516,0.4219168812215168,0.5546641641698852,0.5095339902220705
1952-03-01,0.36463382819368506,0.5457397550837234,0.5615265668625247,0.5024512253686948
1952-04-01,0.3848985772878114,0.5915406108854526,0.6041288368734322,0.522156093126891
1952-05-01,0.4535258565608361,0.7941239832508935,0.5645811570813397,0.5866788094166286
1952-06-01,0.3552844411280641,0.7632505615268381,0.6254180740628852,0.5903065534782606
1952-07-01,0.36389551096789347,0.8060040539114284,0.6835295839944329,0.5993903010729565
1952-08-01,0.3992166061947965,0.8039391970568406,0.8507868432753078,0.6314743093770433
1952-09-01,0.3547649193890221,0.7040111586907183,0.7999574628168655,0.5901609379344512
1952-10-01,0.3490781180377161,0.5804427495852023,0.7156147684289813,0.5957020055444318
1952-11-01,0.34015277832611734,0.4407844767315369,0.5022520970537185,0.46894581152068326
1952-12-01,0.37467874524103173,0.513015318361612,0.5375197488105058,0.525093639060076
1953-01-01,0.33365019301792637,0.5002348973388131,0.4764117400512266,0.5003660333725529
1953-02-01,0.30010065231591243,0.49321941383769585,0.390115550019589,0.5080650294987847
1953-03-01,0.3123632239214198,0.41204362646929077,0.39617728010564884,0.4463105546296502
1953-04-01,0.33503560451575726,0.4934027938010851,0.44363354543144684,0.44671737905960796
1953-05-01,0.29442411510727934,0.4831392849241666,0.4259666709342275,0.33486907413067707
1953-06-01,0.2891865659064986,0.4977282262713538,0.3505938806991601,0.3329116143874476
1953-07-01,0.29114983449699783,0.3476428366705907,0.38713261628269047,0.32548387401562584
1953-08-01,0.2873604851788657,0.4945554744227224,0.4333052563078673,0.2804875830837036
1953-09-01,0.2813515123517482,0.4206498386296552,0.398547522442795,0.2686395912218298
1953-10-01,0.311187025210821,0.5600885167920774,0.40414305685908847,0.3246639271191203
1953-11-01,0.2734384929985898,0.4464050089126005,0.3902942460328185,0.2874872915778257
1953-12-01,0.2938451781776286,0.5007642126937162,0.4463077622515941,0.24494422997994228
1954-01-01,0.2636996771053951,0.4221953250031466,0.39396671125556837,0.23421992652063028
1954-02-01,0.24758235635702078,0.48750723116143835,0.3877634363447231,0.26364278598732316
1954-03-01,0.3210765837160913,0.5330394068920543,0.4703567140900518,0.3414287566412462
1954-04-01,0.30693264380533797,0.5708290427159256,0.43390532646349567,0.29267469815874003
1954-05-01,0.27411313032271084,0.5557496302217932,0.46017688579692445,0.3125559612060463
1954-06-01,0.26713309998731516,0.3906243380832788,0.41947362049286574,0.3134824369629708
1954-07-01,0.26558738379319075,0.36706964800048514,0.47597374702051565,0.30952406067260946
1954-08-01,0.2612726907477513,0.4272802879669144,0.4982285696605788,0.3096002332833517
1954-09-01,0.24462512729274039,0.14918996573774013,0.21837021871937934,0.29115078265826255
1954-10-01,0.19897081511232054,0.14781459994260648,0.023485631293061582,0.2141792241961752
1954-11-01,0.2133046713839678,0.3551235105664756,0.2734509118949266,0.2735370993141377
1954-12-01,0.199056207604034,0.39172357291667453,0.30236433519484635,0.2011126739451251
1955-01-01,0.2934127495028071,0.61154053775395,0.47243879340311323,0.35805735156319163
1955-02-01,0.37187024987214534,0.6847200934320536,0.5619922734481541,0.4631881254848139
1955-03-01,0.3995440445634745,0.7325331628624847,0.585330696582113,0.41791581270029254
1955-04-01,0.31827261675703794,0.6118056906250431,0.6016439568767598,0.38903861660294736
1955-05-01,0.30029706730220634,0.4248727708282678,0.5967111136444374,0.41094024731399437
1955-06-01,0.305655720890874,0.4030350649473575,0.655432466873777,0.4252358485181491
1955-07-01,0.3037127168869495,0.519200143482241,0.5658462586015155,0.42490184555087457
1955-08-01,0.30364641315088725,0.5853800439124872,0.4004975379929311,0.4295875487093485
1955-09-01,0.3012186784452199,0.4518706376124809,0.31004469211683794,0.44134204746673095
1955-10-01,0.3704118805760226,0.6671637885366835,0.6060503194714341,0.5503739626227977
1955-11-01,0.39455603698789365,0.646010096542595,0.6320514857928443,0.5597160047815563
1955-12-01,0.44251025017169704,0.6808470393698515,0.6381129290105296,0.6186724834875662
1956-01-01,0.4558854144470834,0.6018371328718192,0.6177691536673949,0.542426529223334
1956-02-01,0.3392387261684547,0.574581057119774,0.5862462481994467,0.44860082481163344
1956-03-01,0.459531088153733,0.6463168215986277,0.6738435014379816,0.5398588153573947
1956-04-01,0.5190143231633813,0.7461260149435891,0.6737911121077104,0.6279510854777768
1956-05-01,0.3201139490121602,0.7624399734243381,0.6492811980085489,0.6082527172501015
1956-06-01,0.3041360256314639,0.5840642951726858,0.6252242844444288,0.5898022248884183
1956-07-01,0.30817622735372374,0.31070930407420627,0.6591067713071675,0.5948514658153798
1956-08-01,0.32298003998689717,0.5817126642572252,0.7553674159619925,0.6072430580982122
1956-09-01,0.3384983378006599,0.6725275039600881,0.6071607858014885,0.6240251151413609
1956-10-01,0.3121006328115624,0.5151665882904726,0.3354322631835005,0.5411646136929397
1956-11-01,0.29609609571143214,0.41411872793686455,0.3823010298352042,0.5060485152930965
1956-12-01,0.2676043305767164,0.33383966130632686,0.36999578517024256,0.42359254988515826
1957-01-01,0.2394136258392109,0.3753494536139371,0.3265470443694436,0.3762963075288863
1957-02-01,0.21817323998433258,0.40370976018072924,0.291780029532678,0.3753907358961421
1957-03-01,0.22960970265617708,0.4240506022221301,0.2798275787099328,0.2493670014029111
1957-04-01,0.264678574118868,0.5390075509165159,0.3816958415403424,0.21015153288785365
1957-05-01,0.3159404414270735,0.6895100438259363,0.482393909512083,0.33114716581555537
1957-06-01,0.3167363652619737,0.7620090597599266,0.53097785320415,0.3525204124916844
1957-07-01,0.3147097227109682,0.7399313791049539,0.6006848011678287,0.34591065687019773
1957-08-01,0.31303765104536924,0.5342513143328105,0.6658001854263519,0.3280797287811924
1957-09-01,0.3256170130275912,0.5468393118197448,0.7311757237549863,0.31940045175497317
1957-10-01,0.3554810711205504,0.6110968112832759,0.6890957699500445,0.3916437798564665
1957-11-01,0.3787077742297447,0.6049416759735193,0.5749947147265356,0.42910056022671494
1957-12-01,0.3826830204312424,0.5701933490872535,0.5429758947706624,0.45331896509259884
1958-01-01,0.35273256538822895,0.5281248778443228,0.5187945856214407,0.4773122849151022
1958-02-01,0.3121959007906377,0.4665264590165637,0.4696042838054463,0.4591431678062036
1958-03-01,0.37091127128527757,0.5140981392914784,0.5042346586910005,0.5070235751288655
1958-04-01,0.34497921658957104,0.5040210977700773,0.4725437707433502,0.45985370822751714
1958-05-01,0.32397508750669185,0.5552296287835174,0.44264417133956613,0.38942156753403373
1958-06-01,0.31618133828565137,0.44157405301121155,0.42106646692838734,0.38236577661616244
1958-07-01,0.314031301657285,0.4351012675434284,0.4253230112484321,0.3823147169219347
1958-08-01,0.3178978516047289,0.5044873793283922,0.5132817074345031,0.3886737063981649
1958-09-01,0.3039107885591924,0.37201315365730103,0.32060898721549536,0.3558067633220868
1958-10-01,0.2766830878303718,0.3617646298199228,0.2412363414120935,0.30397199878227743
1958-11-01,0.23611368727525733,0.23338847437608107,0.17288465096154187,0.22160485760485188
1958-12-01,0.535634369114105,0.7803633420913956,0.7338707764459534,0.5325263357378527
1959-01-01,0.5468424098395985,0.77057486823388,0.6970359368521956,0.5452913034115121
1959-02-01,0.33828981240087214,0.7867842789100192,0.6562513362992288,0.5655619735819992
1959-03-01,0.3794676497470177,0.5431433470472011,0.6804578057190895,0.5498479415611678
1959-04-01,0.33116129878905937,0.4862119680849256,0.6895659092512374,0.5371220213129073
1959-05-01,0.39886748078387024,0.6652193282695081,0.7990195539809595,0.613674487580745
1959-06-01,0.3400587736981333,0.6313537385250291,0.5460297520630376,0.605920021376172
1959-07-01,0.3394180565097583,0.7417844922211437,0.5577905929373733,0.6071835440971365
1959-08-01,0.34051728161228956,0.3823165837695992,0.6140787120867142,0.6048914417374769
1959-09-01,0.3563370647766778,0.5885126760141492,0.6091812662983643,0.6315218682235006
1959-10-01,0.38083803560033525,0.6125931120073075,0.6918005664555936,0.6663315033285084
1959-11-01,0.3980532515747043,0.5909743942993182,0.533632639523956,0.7129792808256605
1959-12-01,0.43307821206978897,0.598095234975665,0.5810396855490016,0.4927111324535344
1960-01-01,0.4889192074011018,0.6259106746953217,0.6149765282977154,0.5351678988019094
1960-02-01,0.6511281795184964,0.7588098732158696,0.7391083891291744,0.6916840142891132
1960-03-01,0.8120396834885344,0.8801384599771325,0.8196126795263399,0.78135431300319
1960-04-01,0.33781304767855475,0.9068488012784718,0.7953923951717631,0.7918169522663054
1960-05-01,0.33210134532184793,0.7519624707260819,0.8086530526294136,0.7263837752043295
1960-06-01,0.36154165959893886,0.5786040059648642,0.8859935069052194,0.757637512099782
1960-07-01,0.35556963153879634,0.6603873759331021,0.9193696894016682,0.7574644917703048
1960-08-01,0.3515514484742179,0.7174391970990637,0.7794442046600025,0.7534552588064383
1960-09-01,0.3422464460221975,0.34725808706811817,0.4690292679840249,0.7401866060998941
1960-10-01,0.5479510610665497,0.8731121607452608,0.9081211864536215,0.849898798916884
1960-11-01,0.5838360201507536,0.8332420148811239,0.8700624624297265,0.8689823844335636
1960-12-01,0.6142038696238277,0.8201620573016076,0.7742545809361329,0.8974194833343853
1961-01-01,0.3481612113566648,0.5707214341298197,0.7131775780236533,0.8495868421574231
1961-02-01,0.28909092141363835,0.4714448917548655,0.6424985626118719,0.6739210230220608
1961-03-01,0.29370144906754647,0.3719746874443417,0.6334361809351162,0.5376668223432838
1961-04-01,0.28242842246747535,0.3344571085266831,0.4298792088008259,0.5445318506624949
1961-05-01,0.3243195849725655,0.5738074865523729,0.4573436712630198,0.5855695486761722
1961-06-01,0.3240275133518852,0.6413622155187668,0.41030093220215236,0.5596910829436201
1961-07-01,0.336155758826946,0.7498211114820779,0.4495014119582216,0.5709310130523982
1961-08-01,0.332778705889106,0.6218569125859266,0.5648855029167804,0.5715618523969845
1961-09-01,0.37535270478975,0.737081806151072,0.7003484959413564,0.6169390142429423
1961-10-01,0.3546465481092624,0.6033193195811893,0.6898304302591964,0.4315174114199005
1961-11-01,0.5349315850763988,0.8203356677554534,0.8349126178574557,0.5626723891625371
1961-12-01,0.6267723273772947,0.8186315666540401,0.8370588785709575,0.6210925893561564
1962-01-01,0.6521986470369079,0.7915549317671575,0.7862460025950072,0.6488377798663036
1962-02-01,0.33796852763589263,0.6308408585787925,0.7463991032786077,0.6797194269728872
1962-03-01,0.4894103297310455,0.6912048516298306,0.8012759744516065,0.7903623687138819
1962-04-01,0.5184488863460721,0.7454040212038675,0.8269590001900065,0.825625263365323
1962-05-01,0.3362058949826653,0.787386600739496,0.7095820296288602,0.7684184422494904
1962-06-01,0.3584290235529517,0.6430919126720017,0.6993878582602763,0.7817571776140726
1962-07-01,0.35441717393842787,0.5802795949361068,0.7248348143945462,0.771789693739036
1962-08-01,0.35103264093515707,0.6745736356975544,0.8045486143268654,0.7714030746271439
1962-09-01,0.3649356476892283,0.5447121610889377,0.6022295043295012,0.7562848739732084
1962-10-01,0.4631550165135139,0.7455579718984552,0.7246884425787318,0.8117561143456815
1962-11-01,0.4904097440266062,0.7170728594926553,0.7319579871854348,0.7110956520202508
1962-12-01,0.6101324177633078,0.7939539294559488,0.770070529086156,0.7499188908621655
1963-01-01,0.7574165274965099,0.7890751975364546,0.8403128300373714,0.8403343661928955
1963-02-01,0.869138238529579,0.8430518588703055,0.8875918993970138,0.92233181157453
1963-03-01,0.8787540065053826,0.7933870033271391,0.8579178216308536,0.8211486940536968
1963-04-01,0.9196067327351707,0.7455922357832696,0.8248843607879874,0.8360553859566975
1963-05-01,0.3550256520865324,0.6014487706576707,0.8354037697659282,0.8349786971929545
1963-06-01,0.38247254315465107,0.7217609997310864,0.8430693236442587,0.8351301561984856
1963-07-01,0.3909621320928085,0.6962260561107377,0.7694338646255514,0.8420451416658488
1963-08-01,0.3540285334247345,0.7621416829966632,0.642937975839028,0.8421685064929336
1963-09-01,0.39406249988546177,0.718452301041701,0.7663401331799148,0.8672991862866986
1963-10-01,0.31873820634279804,0.5032921047642839,0.5646933387666093,0.7600712016167422
1963-11-01,0.43459987514175574,0.6871684014818655,0.7252494461776287,0.825555817906108
1963-12-01,0.6174802127758647,0.8096248129746952,0.8232762225693193,0.8980249063880541
1964-01-01,0.3170903615749499,0.7621362539116486,0.7213266244657307,0.7581113599858332
1964-02-01,0.42927608303653375,0.7607518812267227,0.787395679857673,0.7530937498037658
1964-03-01,0.5007821104458889,0.6766118647837918,0.7850306999225866,0.7962069484204062
1964-04-01,0.3367997556185993,0.7480084143322909,0.8028258240261461,0.756472966961393
1964-05-01,0.30569829565823203,0.543520516743264,0.7235747162316297,0.7241437315670806
1964-06-01,0.32175907281340743,0.4607112885001007,0.6084701678581459,0.7136724876745062
1964-07-01,0.3225872526361251,0.5207773160958726,0.7085332773499609,0.7079229191461547
1964-08-01,0.3210363460660438,0.6656166594500356,0.5487109807048028,0.7083067341967401
1964-09-01,0.3174138449679572,0.4526598403585393,0.3708028067236458,0.6785269155799841
1964-10-01,0.2707464349920004,0.27978091783983944,0.25084678577520325,0.6643359864986313
1964-11-01,0.2783447290396843,0.3707766880150583,0.3733623150454966,0.5807645272439802
1964-12-01,0.2908824272484325,0.4304839594329245,0.3811764125897462,0.41453238781558316
1965-01-01,0.3158883435295606,0.5553331878926331,0.4247709712109735,0.4809541016903074
1965-02-01,0.3194534506217205,0.5711882427526942,0.4370995482803285,0.36756756077294145
1965-03-01,0.35594429576466924,0.5846688517102978,0.46904941965901525,0.3308446934156472
1965-04-01,0.3090216557320348,0.47660863531293474,0.48114551860433963,0.2930756561186
1965-05-01,0.270785122826824,0.36636221599157515,0.4503706235703442,0.2953584165335621
1965-06-01,0.2631432216026362,0.19495819423285532,0.41782108347375024,0.2701175776051836
1965-07-01,0.26271186795877627,0.32768821680436844,0.3636773283041763,0.2686943041039125
1965-08-01,0.26135193444178706,0.4690749564708865,0.3025079076009594,0.26970563809099374
1965-09-01,0.35896863622944963,0.8714901317007299,0.504568457373916,0.3805051094450354
1965-10-01,0.43151073105176435,0.8400031086474489,0.7507789805541734,0.5035318080187982
1965-11-01,0.4833645761740303,0.8213988276437272,0.8122626774200402,0.542945052064512
1965-12-01,0.35368566975297405,0.6569431833755569,0.7317535613144348,0.5286750406054388
1966-01-01,0.43761898033222735,0.6511336106114193,0.7584826934489164,0.5827536008635421
1966-02-01,0.5208866421109409,0.6897148898596879,0.7965939974752971,0.6505839004902932
1966-03-01,0.31861906976746784,0.6605874872711859,0.6683944285914585,0.5862228510980121
1966-04-01,0.34228773694963893,0.6136389019655433,0.6360666925679155,0.6489144275444871
1966-05-01,0.31524248212832295,0.3889385117973312,0.5902058662209777,0.6525185801839828
1966-06-01,0.3168986475093397,0.5601708522166163,0.6299240500291459,0.6587106616643574
1966-07-01,0.314828638209343,0.45488647993085807,0.5463859812634785,0.6574175835437408
1966-08-01,0.3138375323854247,0.5473009263414987,0.3507094382054745,0.6575891487111778
1966-09-01,0.33349196174017215,0.5901696636888254,0.5377520914644435,0.595760572308963
1966-10-01,0.3757529964890053,0.6552854211751166,0.5620703415231737,0.5681003611367301
1966-11-01,0.35161900089036063,0.5902642899393613,0.5615047751475277,0.5199622544020612
1966-12-01,0.2930443883731735,0.4409371626466383,0.4302734177373148,0.46178724509300234
1967-01-01,0.2927714481299601,0.39295879225536295,0.4304940078105111,0.36873033219886436
1967-02-01,0.3224751673785834,0.4828276987958034,0.47258100155617844,0.3104904394372272
1967-03-01,0.31922824757101703,0.5315137813177294,0.4312621966219194,0.3542211796651281
1967-04-01,0.3017935984268269,0.5084450825738229,0.37250876160517354,0.3012186079992892
1967-05-01,0.29932195275355333,0.4390220280227943,0.39394217420896754,0.3397588553309776
1967-06-01,0.3292813029821658,0.591438140509294,0.5133084690739346,0.37329912352134503
1967-07-01,0.32740078863092603,0.6689841454545243,0.534420355229359,0.37358491573253694
1967-08-01,0.323082327538729,0.7130784916801407,0.46691794034291284,0.37055423274946275
1967-09-01,0.3121543086015785,0.3004045484112736,0.47491473385448496,0.33198655953954614
1967-10-01,0.3145021776129432,0.461257235440675,0.5094482698447449,0.29952640031255473
1967-11-01,0.37429169615258423,0.5798343226156722,0.5977038188973843,0.36737030592887476
1967-12-01,0.30540853206578916,0.4984951843620507,0.4276384725714238,0.35981777450151387
1968-01-01,0.24957250476873555,0.4229632388849712,0.34172355168604857,0.2918942547989437
1968-02-01,0.3660217785352245,0.5342675349377186,0.5096724157144433,0.3972831696049276
1968-03-01,0.4185399361313077,0.6425226307881713,0.5566463682947602,0.4577053546202565
1968-04-01,0.42073196068660135,0.7569483205233305,0.5667614012666203,0.47583290480874607
1968-05-01,0.33265912968934963,0.5650245134683477,0.5055343811064226,0.4575937221772279
1968-06-01,0.3342854136362318,0.5077045667438198,0.5881613577566529,0.43082430682407014
1968-07-01,0.33278594540054995,0.47533927888967936,0.7053778450394679,0.4312714627899242
1968-08-01,0.3407856875013811,0.6195986790563356,0.5550822300995089,0.44390306232370397
1968-09-01,0.3268844663105,0.4248794231228228,0.4109270251554805,0.43851825271694805
1968-10-01,0.2911842004544073,0.34028702885982215,0.2543612592179149,0.40731453941081525
1968-11-01,0.36625910047319526,0.5316758968871851,0.5171039605619886,0.42068518157343193
1968-12-01,0.3950287860269096,0.5860831985678621,0.5353748338727524,0.49325784345811874
1969-01-01,0.5092369617188727,0.7283327818105746,0.6426218953156271,0.6497053217228393
1969-02-01,0.6346360511224716,0.76981801505564,0.7258176674928074,0.6543911494279089
1969-03-01,0.758758322079321,0.8688676061919399,0.8033934244542511,0.7106703232406897
1969-04-01,0.3542203143952128,0.8463862370489397,0.8307694494326319,0.7110635681795259
1969-05-01,0.36178004202333464,0.7409572718553624,0.8144732565939479,0.7264915842826821
1969-06-01,0.3705025289573445,0.6017652670256133,0.8805628375927896,0.7296803040516076
1969-07-01,0.3561804247976953,0.6379751509483804,0.8490595663241125,0.7305911247105009
1969-08-01,0.36792735552593203,0.6939540591640785,0.7609291654144856,0.7330450129437807
1969-09-01,0.4217146184113264,0.7836587098746676,0.6954149707287461,0.7874160884390853
1969-10-01,0.48105464184344493,0.772619670794267,0.7845374558428833,0.8362316129352029
1969-11-01,0.547780996353867,0.770375584607145,0.7951874477363112,0.8376375179110007
1969-12-01,0.3550152664021237,0.6606628757094737,0.7012151901538859,0.8445075856257356
1970-01-01,0.5988330020620366,0.8002132124082455,0.8638165189997398,0.9332731011244757
1970-02-01,0.30897042026230154,0.7146534822576598,0.7880361671534675,0.8038252880617186
1970-03-01,0.3214326863309069,0.740370753315243,0.732834076127718,0.7171909632814709
1970-04-01,0.2962824652289981,0.3502321272081974,0.6745504696156079,0.7028623868674873
1970-05-01,0.286229106026747,0.4401082638616899,0.6355969455405779,0.6813515134061656
1970-06-01,0.3298240495636281,0.5871358013597295,0.7286690488456549,0.7063885240239064
1970-07-01,0.3294988839368772,0.6922483004079361,0.4198154173857747,0.7062961424894048
1970-08-01,0.3253489911142643,0.7877181783575229,0.5044796905866157,0.6940842892699759
1970-09-01,0.30805227577795363,0.18186810118381896,0.4556817513806015,0.6412104128506663
1970-10-01,0.2667314089771706,0.19106822138422241,0.3858423089565545,0.5545204313760919
1970-11-01,0.2597918398982625,0.297340087916211,0.375833279395856,0.48969408553821847
1970-12-01,0.2659863198151663,0.399124180390508,0.31204009466468047,0.4927058109703392
1971-01-01,0.33599809959213756,0.5837460853620452,0.44348243519964603,0.2980000464912766
1971-02-01,0.28426603903617165,0.5521480618331603,0.3859985289005814,0.29824659337847637
1971-03-01,0.3311694262760776,0.5848246071864999,0.45192802077222594,0.3426011554853126
1971-04-01,0.42996479972497337,0.6517782564559775,0.6023476678698423,0.472665084899008
1971-05-01,0.5288699810099372,0.9011543984782173,0.7176124166760519,0.5747791873630518
1971-06-01,0.543264693140156,0.9691293246610713,0.7886550738246316,0.5492083018641138
1971-07-01,0.5482284457407068,0.8984773289550951,0.7886034964565234,0.5538792577791116
1971-08-01,0.5581790969907829,0.7415513552020265,0.94332545088527,0.5662354577043316
1971-09-01,0.3522380054886927,0.5578968135266151,0.9638632957593724,0.5784432222790128
1971-10-01,0.3019950907211154,0.3248057482180506,0.6537689935913341,0.5692272575207369
1971-11-01,0.2755464296438605,0.23740257362056294,0.3032421539664179,0.553809328498249
1971-12-01,0.2636854337039992,0.28772383983952865,0.2793439757632187,0.5380649425088236
1972-01-01,0.33672785818025824,0.5424550728952949,0.42038460408727396,0.5394545556445893
1972-02-01,0.4006516255654847,0.6553661948543903,0.49122893538299367,0.6419679289011472
1972-03-01,0.47312697335955833,0.7409264443921314,0.5534048268301943,0.662130225848361
1972-04-01,0.3198127186335839,0.6603984570043384,0.576428536749569,0.5452756307395585
1972-05-01,0.31891239247123904,0.5733026928672935,0.6245924222756843,0.45067259352431194
1972-06-01,0.3142831586462278,0.4348703716489888,0.6751796945797262,0.4331244217845273
1972-07-01,0.3185446155260774,0.575209478374712,0.6359772915605991,0.4324865148463282
1972-08-01,0.31756151450917347,0.5477615118175387,0.5432594189227526,0.4219019233065415
1972-09-01,0.36083869584135064,0.7199562909596444,0.5085998099205621,0.46683958910790196
1972-10-01,0.45736114650502996,0.7949237254334547,0.7784523491548758,0.5979055458010232
1972-11-01,0.35151186545478885,0.7108788318567528,0.6970307255204056,0.6173536328951219
1972-12-01,0.3551684992918034,0.6231361801744475,0.6442946677481289,0.6385805119755492
1973-01-01,0.3687697169041467,0.5133167415169371,0.6167330874638601,0.583697580814563
1973-02-01,0.326087185660052,0.5051181001171213,0.5732487556828929,0.4942353809712382
1973-03-01,0.3429788089676783,0.49160875882343175,0.5285131421136244,0.4401409635034654
1973-04-01,0.2937107293671782,0.3430760078536543,0.3779967282632699,0.4245263046566611
1973-05-01,0.33026091191908374,0.5064166938230873,0.4487739552491211,0.46651463858434344
1973-06-01,0.35154375099958435,0.5875868458862914,0.4739883623330156,0.4921814477966567
1973-07-01,0.3496381727441345,0.7556175074858936,0.4596105585887966,0.48643980300492823
1973-08-01,0.3516209370843596,0.7001238596593995,0.5253370755596891,0.48949752812118313
1973-09-01,0.3343778598487442,0.2997018244404399,0.47031051654733835,0.42823657903154966
1973-10-01,0.35252285821322876,0.5120682894136667,0.6210991014402666,0.35523929436099133
1973-11-01,0.3299537867030852,0.42742532593413973,0.4418017072664622,0.3325624960320108
1973-12-01,0.3752036201283656,0.5459885915967868,0.478099384048977,0.36230762420829266
1974-01-01,0.3373924014695467,0.5013826447023568,0.4435557566043651,0.32269010698995837
1974-02-01,0.35193779550421034,0.5708229612440903,0.4621591308902373,0.3788445169464133
1974-03-01,0.3833997138519011,0.5326937111267726,0.5003367344928328,0.39746639618613944
1974-04-01,0.4569295923995143,0.6886379643884486,0.5659096597754353,0.520283906426088
1974-05-01,0.3177592048616105,0.6341383879687071,0.5744873130638873,0.44896976399078714
1974-06-01,0.3451163305914866,0.7120614474315932,0.5831975744512683,0.45620228883868724
1974-07-01,0.34647481850801803,0.5396714061325929,0.6522125796036353,0.45943312691521654
1974-08-01,0.3470565262351167,0.741492827124857,0.6672327296086392,0.45841365051290095
1974-09-01,0.3371105090008562,0.418964214456375,0.6378603282240851,0.4636232197618592
1974-10-01,0.31498230832043844,0.38882635257347387,0.3456581671251754,0.429903231236198
1974-11-01,0.28155976317598097,0.2975560305453863,0.3488672716002176,0.41741759721438965
1974-12-01,0.223826151553708,0.2112774777699214,0.15790235772234673,0.28441034958094225
1975-01-01,0.22570612295107506,0.34026361528225935,0.22547275503106928,0.30939181854873826
1975-02-01,0.2514618657394697,0.4814571693507312,0.30651011489540536,0.3278849776381309
1975-03-01,0.3518212099141149,0.6590400232322935,0.4423829883127928,0.40785824349584854
1975-04-01,0.349525207984792,0.6945960029557197,0.4771449535653495,0.31847829507217706
1975-05-01,0.367373458217439,0.7194190441840456,0.5532041103299815,0.39026846965750667
1975-06-01,0.3852274780780198,0.648571253885777,0.6685898520721559,0.38224258928889665
1975-07-01,0.3544473431014375,0.693817583476193,0.7188434209500258,0.3787953781567982
1975-08-01,0.3548398146460553,0.6712687716046531,0.7317379924714437,0.3791183797860043
1975-09-01,0.3433001641788043,0.3614446159700229,0.5524277041306823,0.37338868178384943
1975-10-01,0.2919710396453108,0.1939823053440558,0.3885059014515344,0.352384257123999
1975-11-01,0.24760051830950885,0.09232714694194571,0.15971001632557424,0.3370779745359362
1975-12-01,0.26276631385038357,0.3093662768922552,0.23910235858433537,0.4023301313297408
1976-01-01,0.23959287473110988,0.4136067575954938,0.23817300942794112,0.3729888083172799
1976-02-01,0.2654722726396777,0.5443111453913587,0.31622873347112757,0.3768260338997817
1976-03-01,0.26918891204901024,0.5015762887452548,0.33062565212762784,0.26649159251403304
1976-04-01,0.33944885247905565,0.6604719739396117,0.4908994853765829,0.3486387083577486
1976-05-01,0.3403491786414005,0.6496677544773024,0.5602062387921362,0.33792024494757683
1976-06-01,0.3474081514092142,0.7445814239518458,0.5774111163026286,0.32841122992269445
1976-07-01,0.35871028795061216,0.6486254874672531,0.6658912145814648,0.34338951937943696
1976-08-01,0.36381181044843935,0.7114939216446583,0.6721791840817517,0.3492035849356331
1976-09-01,0.4135812522385037,0.7863835688710963,0.827308663175253,0.41107129056337177
1976-10-01,0.4697562866285988,0.7495177028768607,0.7652671721818993,0.5186141913072498
1976-11-01,0.3562498745802481,0.6688089823523954,0.6902039461093536,0.5576630920463176
1976-12-01,0.48468792929630333,0.7303185736662166,0.7668726679833936,0.6611658044806916
1977-01-01,0.5907018249052002,0.7418568155649534,0.7947202750870604,0.7645825190464264
1977-02-01,0.6495738293080595,0.7872740714223802,0.8057638563687266,0.7838392620430912
1977-03-01,0.33161055093958464,0.6720752799543186,0.7260759492637726,0.7598041539116556
1977-04-01,0.2721898479514884,0.4366917204763013,0.6417322427648516,0.6611822110701929
1977-05-01,0.24974692171264767,0.13071602144141897,0.648417376173912,0.6363626655272965
1977-06-01,0.2524324130507009,0.27603638395219077,0.5467285935422107,0.6318781947307353
1977-07-01,0.2566475053628672,0.5147018839289764,0.3905986609848461,0.6261410731973305
1977-08-01,0.26402462291993295,0.6592042881985215,0.17752221505981625,0.6279379087324023
1977-09-01,0.25439114488406794,0.5016646963786415,0.21473566308684994,0.579638246630558
1977-10-01,0.2797202894596799,0.5679809905741942,0.49560855604407866,0.5519866627179805
1977-11-01,0.31724908471098756,0.5834098384339239,0.5839027647493806,0.5849275701960361
1977-12-01,0.38894302424410154,0.6727433075730918,0.6376843666702555,0.5360905606370737
1978-01-01,0.33934816950578967,0.6090966228059166,0.5780507369658978,0.40835549152497796
1978-02-01,0.42441356850464784,0.6684108191817091,0.6403334906271496,0.4388443183578016
1978-03-01,0.44645947417373805,0.6156664945784228,0.6464598270039764,0.48756747289462415
1978-04-01,0.48244567739737,0.7207321929699777,0.6634438002966538,0.5770643172454984
1978-05-01,0.512470681537447,0.6729156760140276,0.6837429332307308,0.6193857124637769
1978-06-01,0.5418676314685571,0.7778018228465727,0.6950427241035523,0.6402712903013194
1978-07-01,0.3552344385291325,0.7616670782224246,0.7751764943506777,0.635948886577905
1978-08-01,0.3548419669845147,0.7341628106997946,0.7036129341159172,0.6296236360171242
1978-09-01,0.34357096903110523,0.364931997022895,0.7023643520994389,0.6305214619524246
1978-10-01,0.30855687988147545,0.3121190192691862,0.506438978339028,0.577333715858449
1978-11-01,0.2745421748000652,0.23980767479251025,0.3003764552199205,0.5165975952849613
1978-12-01,0.3646471291091132,0.5149067651941907,0.4524460188070044,0.5324964496366611
1979-01-01,0.4964051063293786,0.7022227890482847,0.6061911473660632,0.6655561821650282
1979-02-01,0.6060326963827245,0.8129089120821206,0.6908937647758561,0.6825421074932245
1979-03-01,0.6477333351976646,0.8055014486345149,0.7105005208326318,0.6966823483394415
1979-04-01,0.34619949144312145,0.7181032413125031,0.7359612130837533,0.6622575302251119
1979-05-01,0.31182262740188066,0.489848127575316,0.7638760587347013,0.6034096435662252
1979-06-01,0.312073763993605,0.426937239756353,0.7506703340468093,0.5782861175059365
1979-07-01,0.3231474178810212,0.4782605550114959,0.6643963275441199,0.5886994919598731
1979-08-01,0.31982974864170655,0.6187840468104644,0.47790095936743604,0.5862727630553899
1979-09-01,0.33858822468063826,0.6385195531680657,0.44179086421831637,0.613100676808765
1979-10-01,0.4731971943819704,0.8122452336445649,0.7591665179043587,0.7358126688045061
1979-11-01,0.3197776749007717,0.6850028246807622,0.6829866109309688,0.7386987547135562
1979-12-01,0.27932403418549995,0.5708641751245608,0.5686798079094677,0.6504334643407041
1980-01-01,0.2620838563716251,0.3287317665547649,0.5082262566997366,0.511580256439737
1980-02-01,0.2451529380263933,0.4097681524570447,0.48881731185319127,0.38171541123948893
1980-03-01,0.26754077816107047,0.471767247295846,0.47690137973006697,0.36317526701720715
1980-04-01,0.23570819799101406,0.4343583803104704,0.2797329767613056,0.33412210102743756
1980-05-01,0.26466014732934073,0.5407283729135881,0.39018634849528405,0.4112581149779523
1980-06-01,0.2579079803036186,0.5380438071311129,0.4279247362066818,0.4058073386615173
1980-07-01,0.2561197662136289,0.6523852816776743,0.46114777213512237,0.3925024926341934
1980-08-01,0.2547163469353973,0.46324184422099246,0.488514424871482,0.3949948087170451
1980-09-01,0.2571654602126641,0.4817983010851245,0.4649186613009585,0.37377877894712497
1980-10-01,0.2547660883650424,0.49914834604683284,0.5260102462987227,0.22767232284696787
1980-11-01,0.2921471777770296,0.5546572402865597,0.5042342653756872,0.3117109404890298
1980-12-01,0.23493608811550115,0.43878465443184606,0.3963965075504764,0.26867687602441115
1981-01-01,0.17831451052642988,0.36772938260193666,0.31047809520461134,0.2155254794493624
1981-02-01,0.1306073039183448,0.16005927470636933,0.2594133389560444,0.18070332340657874
1981-03-01,0.129596137510786,0.2535703811212971,0.2503212256291223,0.15311961677415542
1981-04-01,0.16203824784159856,0.45670838392599966,0.32102308855968764,0.23443146227220568
1981-05-01,0.14157295399812073,0.5218862256858061,0.243855434529066,0.18262729849145315
1981-06-01,0.14208451949625298,0.5976817354560154,0.30236256034205317,0.1969504312425478
1981-07-01,0.14221901573453993,0.49442218135628707,0.40077161520223714,0.1996643754969062
1981-08-01,0.14754636075385288,0.604606685590126,0.505775583931475,0.2095365050570463
1981-09-01,0.14850238034961744,0.5315774471836391,0.5486877358632176,0.19929451680744664
1981-10-01,0.10277884313135285,0.35141615095895873,0.27884258189117145,0.16099158427271865
1981-11-01,0.04334295172640834,0.11359783968037918,0.12684154082746174,0.0
1981-12-01,0.1847125670329454,0.5388954130820297,0.508112459504711,0.2611286655458308
1982-01-01,0.22053721688020325,0.6358412872168937,0.5356837028247677,0.37243537648648073
1982-02-01,0.2087104143869007,0.6904590649271765,0.5100437588953046,0.41523027417120806
1982-03-01,0.20657493355128023,0.5251579867721654,0.4900969485503999,0.41635092259467965
1982-04-01,0.1943458266478138,0.4347760959513975,0.5356291728167725,0.36418971525231486
1982-05-01,0.16886897597993292,0.3928024446014428,0.5923218655774142,0.3662397563160888
1982-06-01,0.15854298032557076,0.4133212440080123,0.42034464169079766,0.3567533776175048
1982-07-01,0.1672468158518194,0.4568603417451312,0.36342190660458346,0.3661632490375019
1982-08-01,0.17459006803648108,0.6028056434947067,0.3752985334889455,0.3688894881171132
1982-09-01,0.1750082240943594,0.589497056990823,0.39665935332820157,0.364049648342898
1982-10-01,0.1487865272214715,0.44131620608324756,0.33091969990154857,0.39431893776689975
1982-11-01,0.26957010879537696,0.6523434155317814,0.6431368367432958,0.5612916703749846
1982-12-01,0.24472106937946564,0.5882949985306981,0.5716440082166647,0.39370372228252887
1983-01-01,0.1864896448139667,0.5461711035531177,0.4609650987929041,0.2809138515226689
1983-02-01,0.1518432415480524,0.31744882508206573,0.4102981076802849,0.2580987145076374
1983-03-01,0.14501578820697558,0.27241339907513523,0.38887204362117334,0.2567093257450441
1983-04-01,0.15207542901167628,0.4157477971940262,0.44256216699181605,0.27500001425465836
1983-05-01,0.11663996503499488,0.4061084444857187,0.23963297068619038,0.27447431884066303
1983-06-01,0.10195537991212358,0.4315214557104139,0.1938905597644648,0.2725870445385241
1983-07-01,0.0996056767714642,0.2684668322980185,0.282591094336827,0.2591496274815047
1983-08-01,0.10876508069779736,0.4861061574460927,0.3491920740786053,0.2621879572577532
1983-09-01,0.09539735019827336,0.43287705510576857,0.3316811508447254,0.23770179818718287
1983-10-01,0.04793543770482184,0.2809215969924495,0.05028566465339407,0.2286687287214535
1983-11-01,0.22259525792374152,0.6807469983110822,0.6520449100177648,0.2892196147135353
1983-12-01,0.26785638790084076,0.7169632529795865,0.6733405989933429,0.3515254506476059
1984-01-01,0.23958405606242048,0.7055811756554231,0.6049240032077845,0.38474841485385913
1984-02-01,0.21920549091090424,0.5178488002742897,0.5618336130574604,0.40370815151981465
1984-03-01,0.28160974515961296,0.512950138330263,0.6134363899199489,0.4770019501816367
1984-04-01,0.2826248593338112,0.5704986741611426,0.662977877773005,0.46949569706438976
1984-05-01,0.3489153231902928,0.7412903872182728,0.593080860908353,0.5657475818853479
1984-06-01,0.3508532960493169,0.7265233211486867,0.5753268259883657,0.5799090030892248
1984-07-01,0.34861564528289923,0.7813313714868992,0.6513785866332107,0.5800247508399212
1984-08-01,0.34604709796291144,0.5345590336583932,0.7226076513796483,0.5700661679984388
1984-09-01,0.3396526684843862,0.3847980572556984,0.6468533777910696,0.5769543613700725
1984-10-01,0.3085513300657547,0.34825014980021135,0.5434530407015653,0.5886164314306732
1984-11-01,0.45472551927662563,0.6731290254216458,0.6518003244445533,0.5663350329800706
1984-12-01,0.30600263553224627,0.5811503122231821,0.5245804804090551,0.4754986581342951
1985-01-01,0.37479486932665906,0.6811465219530894,0.5882427022364275,0.5687429620339259
1985-02-01,0.42894125452560306,0.6047651647467287,0.629721318533614,0.6333913743245323
1985-03-01,0.3335346155539245,0.627511624449576,0.5942710406501275,0.5582791857482459
1985-04-01,0.3385889291421037,0.5588295244224512,0.6349477937511379,0.5624492260228016
1985-05-01,0.3430346845239903,0.4641921268695894,0.525559324078112,0.5049322590220968
1985-06-01,0.34168316280809,0.5865042023204293,0.6066338779839432,0.5025158594624662
1985-07-01,0.33934068703734843,0.5830458986431699,0.5385987767394061,0.5024625413462903
1985-08-01,0.3349744389217945,0.4841363403095822,0.41039459494137515,0.5010405100470313
1985-09-01,0.3253413859658192,0.31402107765769055,0.4715430940086068,0.4970149266985296
1985-10-01,0.269757477965263,0.1058791732519832,0.23891349009792395,0.4774967049981824
1985-11-01,0.3135089947027328,0.42793103638107693,0.3674565652868521,0.37478390993171073
1985-12-01,0.3363838029947696,0.4983313858069719,0.42886469938606503,0.44047340546064145
1986-01-01,0.34563316057947496,0.5912134232300951,0.44319421141360116,0.373746667078203
1986-02-01,0.4172361806969904,0.635521070005848,0.5327356455394546,0.39662821571111173
1986-03-01,0.4254543295027858,0.614487069844852,0.5331394376078831,0.4319347181109223
1986-04-01,0.43751289437982255,0.6486663324023246,0.6063439810746611,0.4368905879470908
1986-05-01,0.3421085462358861,0.5105732026405553,0.5770171267178105,0.4221232409879066
1986-06-01,0.3468664154833301,0.5716454200604985,0.5861477793504114,0.4298956394198342
1986-07-01,0.34938897474941955,0.5520004373153653,0.6154175735553299,0.43482982980434165
1986-08-01,0.3449304693738541,0.581375388709748,0.4867042617176283,0.43513280328414483
1986-09-01,0.3549022623092954,0.541693639590114,0.5258470298169357,0.4523267186944565
1986-10-01,0.3806258157617923,0.5884475329614854,0.5391630588173669,0.5309957277483656
1986-11-01,0.38078196388249136,0.5516853457685639,0.527577478252972,0.49206916932555883
1986-12-01,0.31682950746217803,0.45480562472652414,0.42822031654876247,0.4222349080428415
1987-01-01,0.4168221982887278,0.57372285652114,0.5515042796918996,0.5144069362452675
1987-02-01,0.4594620939313594,0.6348828239751865,0.589968540918447,0.4865980577448067
1987-03-01,0.32636706175008123,0.641914118322918,0.5319336988488896,0.44988546953959174
1987-04-01,0.32616955364701067,0.5149619151911567,0.5171519771290082,0.4350754874270692
1987-05-01,0.2821389503981344,0.27915001512376447,0.4924847139901401,0.4090107087894088
1987-06-01,0.2662666562713955,0.3655937548465479,0.5355089137597018,0.38934619790555747
1987-07-01,0.3047044203016082,0.4862901506563644,0.4552029739488371,0.42639863141097456
1987-08-01,0.3383254391798882,0.8585455959994541,0.4193300195711037,0.46428037053939514
1987-09-01,0.3408988149065844,0.8122292039054715,0.5368191044886694,0.4550787679691623
1987-10-01,0.3981959773647137,0.7185824012559328,0.6499744705097289,0.489331102964009
1987-11-01,0.40514161986265795,0.6068789204571778,0.6801730903847772,0.49521612406542836
1987-12-01,0.5332614264600146,0.7389656535931131,0.783620312617528,0.647570524976113
1988-01-01,0.5840272155455434,0.7004314069621156,0.7389846927128259,0.6023712204533826
1988-02-01,0.32347597251126,0.6738840294350348,0.6579580050474786,0.5319007102901995
1988-03-01,0.2976472877338523,0.4781719462397351,0.6118122664205904,0.5364397449052507
1988-04-01,0.2906610139980543,0.3344220579664504,0.5629864853624518,0.5299433735676006
1988-05-01,0.31104723172585214,0.4665516109169666,0.5999304935427783,0.5867505763043066
1988-06-01,0.3365890073077314,0.6613030044920394,0.5059261440379085,0.6208277881156321
1988-07-01,0.33650956074902943,0.7284992869565906,0.4339580287644428,0.588856526534741
1988-08-01,0.33199094141273017,0.6978338735879918,0.48602331795492476,0.556230279318644
1988-09-01,0.3181595647304762,0.2751431039410482,0.5529942891656829,0.5418925932806581
1988-10-01,0.3181992851009198,0.44187080271697005,0.5474785086930499,0.49170967010510913
1988-11-01,0.3145297755548411,0.4378416618682985,0.4507323501523157,0.4815005032356465
1988-12-01,0.2504174159939169,0.34151637665052237,0.2585492278882846,0.25460802034319213
1989-01-01,0.22416498752711517,0.3294019013383984,0.24345345985963684,0.1463001831415101
1989-02-01,0.22226958956192328,0.37574598346824994,0.2837398501799165,0.19928706486711634
1989-03-01,0.2192546750950885,0.43712403915254694,0.2949222882346799,0.2350354152886625
1989-04-01,0.2242911327984181,0.49087741437422255,0.3193461398042469,0.24404374259282488
1989-05-01,0.211636885424153,0.4710170293919843,0.32220196313339156,0.21456669800825462
1989-06-01,0.2011909393327856,0.5133406460224356,0.38217796951202665,0.17016420970132695
1989-07-01,0.20127038601796174,0.4784209304086792,0.4279494350701469,0.17052960660400884
1989-08-01,0.20210575678601866,0.46796637471265307,0.4137905431148703,0.17893887697319572
1989-09-01,0.23165235633890208,0.6560204338975534,0.5309534248335831,0.22875681049159158
1989-10-01,0.2200550082010963,0.5567839351157925,0.4629456625805605,0.2320768053218511
1989-11-01,0.3639407267701386,0.7472293864974606,0.7260338179220985,0.395472583008395
1989-12-01,0.4687033121404689,0.7857702989925464,0.7841439499648784,0.5560135222609619
1990-01-01,0.3545260511771059,0.7520157774975871,0.7268165913598651,0.5772023142170379
1990-02-01,0.29310212120356444,0.5715786487552802,0.6495954429924028,0.5209475032410454
1990-03-01,0.2758584815370448,0.3281846935433279,0.5867814392769205,0.5082840357858381
1990-04-01,0.304728439528672,0.37777324107880406,0.6316228920313028,0.5305353307284935
1990-05-01,0.26879794187998596,0.4359738744834981,0.47932601806085856,0.5091088709339124
1990-06-01,0.25273977629120187,0.4979080546303724,0.28068286316687957,0.5045138323766111
1990-07-01,0.25386791099987843,0.2853859803753429,0.24564438036510716,0.5055243641790848
1990-08-01,0.2518717000459113,0.36462194894703664,0.35467468558720683,0.5031474914563314
1990-09-01,0.25145354398803305,0.4776103671870293,0.42058269597456577,0.47347384767873224
1990-10-01,0.2845425965688595,0.587071705615018,0.41559052557177906,0.51773480706914
1990-11-01,0.28218288438405065,0.541109801994567,0.4734147322562736,0.3757382556985551
1990-12-01,0.2393992305422638,0.45782553847343976,0.41434409603926403,0.16945583374382467
1991-01-01,0.19784417204072177,0.3459868635684557,0.34831931105422664,0.1089305713403449
1991-02-01,0.22454081152168426,0.4391213746847934,0.40432193699861646,0.24300092478731775
1991-03-01,0.2849537075061866,0.5588414862282017,0.4635140763180027,0.3418664167568616
1991-04-01,0.24600148095911145,0.5792262680855961,0.39283703396643876,0.25398768424146484
1991-05-01,0.2030531397095119,0.4433994954351319,0.35711005142142366,0.2577809440922251
1991-06-01,0.20104483655434022,0.25000572342525845,0.4004754082091966,0.27851195323008726
1991-07-01,0.20056812646889052,0.3350797290019438,0.47753286055304195,0.276685286290218
1991-08-01,0.19719934924586727,0.506688235230937,0.3943057735969456,0.2757880434618944
1991-09-01,0.21848182395410898,0.5945657870220876,0.263386918052422,0.2956645133778155
1991-10-01,0.26003797569890186,0.6522429358697241,0.5129483778631765,0.31922232738668227
1991-11-01,0.23382459943918255,0.5531436708283306,0.5111838674030966,0.28758574848175567
1991-12-01,0.19530376903130886,0.4369674922336837,0.428077470083545,0.2690534338804329
1992-01-01,0.14755641709936468,0.2829323754098687,0.35332990711785117,0.26011319637660896
1992-02-01,0.16235896043715803,0.4154543222009004,0.3943914601986998,0.2512719100391868
1992-03-01,0.16337012684471683,0.4356733647283959,0.3564633082149663,0.17651410791625005
1992-04-01,0.17320338458731133,0.5397047155357353,0.32931643856876114,0.23558545855327243
1992-05-01,0.15143388101407926,0.4702927943255607,0.3524558222415674,0.27521913504199647
1992-06-01,0.24377507451065522,0.7489019009009255,0.5300836051704577,0.38501785759898577
1992-07-01,0.2481946351822344,0.8033165510115841,0.6390854944407202,0.39025922035114075
1992-08-01,0.24931676932103172,0.9999999999999999,0.6510840072360634,0.3954534337889048
1992-09-01,0.25863894747948857,0.5809652049031675,0.729618567689102,0.37899005286092047
1992-10-01,0.32707175529572374,0.6912376716719075,0.8073981899293097,0.4154192978702769
1992-11-01,0.28216288463451517,0.5459780351137578,0.6925559797318692,0.39436336148160883
1992-12-01,0.2509078274122094,0.4656801806571113,0.45055444620277485,0.388766983648666
1993-01-01,0.20711701563713403,0.2616267152949505,0.3727053305327688,0.39199376124995344
1993-02-01,0.17229751948602956,0.33690028991319054,0.33497117600723114,0.3394466239754737
1993-03-01,0.16637403628283473,0.3174543596557785,0.304723440001902,0.33485808049559135
1993-04-01,0.18771888529926273,0.4499147694444597,0.25017376819220977,0.3437321552229776
1993-05-01,0.22201703759708236,0.6026771643429669,0.38342579536885857,0.41224648585886725
1993-06-01,0.22150122066768252,0.6970158368268902,0.41512890661056,0.31322803141629474
1993-07-01,0.21912362338247676,0.686814752581177,0.4945934073434142,0.3054447716215911
1993-08-01,0.21665854311299704,0.5115054938519462,0.5663093871325426,0.30195564984343165
1993-09-01,0.2112484597901777,0.395507780296381,0.6152854225176912,0.27819126101396296
1993-10-01,0.2845958923038121,0.6646663804986286,0.7013178971220296,0.2988701650292125
1993-11-01,0.2948709924511733,0.6257545100003862,0.5938236421907975,0.3566463283472805
1993-12-01,0.23114405311707847,0.5129855906501825,0.4548288037394951,0.29981154354868356
1994-01-01,0.2475305487178675,0.4398087972208238,0.47320790072694924,0.37037008495763085
1994-02-01,0.27419876450667935,0.49475398792115366,0.5060617880497642,0.4402526447262328
1994-03-01,0.23867184663430024,0.5033125674710561,0.45675991772729585,0.4114123481517355
1994-04-01,0.23111333366469075,0.4564037834093154,0.37396255457339006,0.37670238628408237
1994-05-01,0.2351265389564943,0.39503571327221043,0.383968560062569,0.3506027280079015
1994-06-01,0.21750070402955593,0.503912478253434,0.44012329086637236,0.3340533271560543
1994-07-01,0.21521537323698062,0.5130595358514897,0.4086790366978959,0.3342515376039432
1994-08-01,0.21163460269076168,0.17676885647412516,0.28784102483146884,0.33362583682302205
1994-09-01,0.2099032482530736,0.4229745105238327,0.40611903001626803,0.3327265537266263
1994-10-01,0.21123430251773295,0.4908910482058896,0.41653902064858905,0.2625593632308177
1994-11-01,0.2204095034549129,0.49753208851825215,0.4064405673746081,0.256086997137732
1994-12-01,0.17498633418744494,0.41383924834658914,0.35788395158694863,0.2533829841681162
1995-01-01,0.15495018928903606,0.40658673874953316,0.3411766958507534,0.20337861057923357
1995-02-01,0.13350112019453,0.386515929435679,0.33330762045326595,0.14291406399426337
1995-03-01,0.12185220863931057,0.39314072251917903,0.31084967056575263,0.1831917996809277
1995-04-01,0.07936354164922349,0.30513002347092155,0.2622437732419908,0.12359082362201351
1995-05-01,0.036726670511346704,0.18276296396306524,0.18060956212397783,0.07050329682766371
1995-06-01,0.05570221123717983,0.339389193000741,0.2477405825611037,0.13237811607038397
1995-07-01,0.054196424095979856,0.4672500311864829,0.24537857197575352,0.13367839365737477
1995-08-01,0.06045194806511062,0.7128920264323999,0.2517029696709119,0.1490238397091041
1995-09-01,0.050266358157468494,0.443114298145755,0.240810727860034,0.12675518034148292
1995-10-01,0.0,0.26343182636736817,0.19068478747665474,0.07308767944442718
1995-11-01,0.04248909219645097,0.4366131515124275,0.45603655293609147,0.11593868054233342
1995-12-01,0.2266934389746681,0.7214120049726184,0.679327539385631,0.3843768317473534
1996-01-01,0.46484222916812457,0.9057861083361771,0.8461682623578365,0.6374866192183657
1996-02-01,0.4667376272597906,0.8706523879352616,0.8109308045614847,0.6546386874106284
1996-03-01,0.47609211604293267,0.7768810469752419,0.799226170424757,0.6706783664681121
1996-04-01,0.3427564604403635,0.48577209084837214,0.8288340715295434,0.697297875801698
1996-05-01,0.4185157760119508,0.6435034540525167,0.881009001426131,0.7775898862492445
1996-06-01,0.3470367875283935,0.6918826255237287,0.8122925087902042,0.7547799863760858
1996-07-01,0.3483443559078202,0.7855705047141842,0.5849601129341561,0.7567648618117697
1996-08-01,0.36641397676902965,0.6321856693045246,0.6407022305432348,0.7648277644897716
1996-09-01,0.4307566289566522,0.8385118324763712,0.8122771590130206,0.8233488327167418
1996-10-01,0.3448528891953757,0.6755304254500649,0.7802712806727217,0.8328335649917784
1996-11-01,0.40116852359660926,0.6737640350457698,0.6738554022712707,0.8486111975459725
1996-12-01,0.7269410263200541,0.9090818821563287,0.9534948065263327,0.9750484985136398
1997-01-01,0.8697890983188913,0.9422958903026462,0.9767741060134874,0.9084447690631623
1997-02-01,0.29580983039621256,0.8609657726380564,0.8869516745362068,0.8566680073387589
1997-03-01,0.25638462880067103,0.5551009819834384,0.7905715682362291,0.8186091537508761
1997-04-01,0.25658213703021576,0.2214316243604305,0.803911337379973,0.8349387280224865
1997-05-01,0.2805170635808336,0.4593477931122443,0.8108249008179577,0.784960610640949
1997-06-01,0.30433787028295933,0.6814517097311436,0.5851352374702897,0.8052099761352218
1997-07-01,0.3057929501108138,0.7377098039999124,0.3693951074192728,0.80526384770059
1997-08-01,0.3252938369669647,0.8123583097471747,0.5341398840004162,0.8057836725086259
1997-09-01,0.3877577324157325,0.8376664976589745,0.8024971262509888,0.8111124241586585
1997-10-01,0.35636630233050354,0.6970720847745906,0.7667868385697963,0.8038234042523292
1997-11-01,0.5618779642412066,0.8727932812879509,0.9376384818976622,0.9058637337696243
1997-12-01,0.7157600730864631,0.8995237670032574,0.9440239678622024,0.8192432499109732
1998-01-01,0.718774926845667,0.838399338364497,0.8714767226503781,0.7082051201069218
1998-02-01,0.7331769877610652,0.6954055718940417,0.8342552369153113,0.7622882279729941
1998-03-01,0.3432898902976156,0.4982207304132914,0.7551165454759787,0.7791065289968342
1998-04-01,0.32903419914776405,0.46379743274594765,0.750923331655175,0.7736548196581676
1998-05-01,0.40035601924300257,0.591355047532149,0.673172256300455,0.796320503804963
1998-06-01,0.35615488598274864,0.7006197732329912,0.5469975191378568,0.7766376825300783
1998-07-01,0.3542117410865311,0.7890959823703467,0.570275423877134,0.7742063984741118
1998-08-01,0.3526626200796399,0.5266660456855782,0.5574760218305346,0.7589146660568571
1998-09-01,0.38849911310034196,0.6640798576624631,0.7166190870555531,0.7447602432977629
1998-10-01,0.31055006025992465,0.4658486137586061,0.618297809915896,0.7009133344774711
1998-11-01,0.2715598746225436,0.3519525686891839,0.29947804103069164,0.5050183236140231
1998-12-01,0.24396394138838212,0.21418261528702792,0.27374456335684405,0.3007816891844334
1999-01-01,0.23141269943368273,0.36217724332844703,0.2865698623465358,0.2802802232699564
1999-02-01,0.1966454348633531,0.4092410738950025,0.2597339271531672,0.22300376129920924
1999-03-01,0.21296979911295322,0.4374405020113881,0.22380371950009154,0.2659064077590425
1999-04-01,0.17569056129612437,0.3621959171480104,0.25745819274263343,0.22960820881620092
1999-05-01,0.14502906104512447,0.35717397525109423,0.2849280665864577,0.10069915615268304
1999-06-01,0.1336597461983585,0.2753358623017293,0.2669311644274236,0.08899212709195986
1999-07-01,0.13266062342589968,0.3543438443139636,0.25091446308435505,0.09063692489548325
1999-08-01,0.13010831653541177,0.39759926944711277,0.2744373486115727,0.09026257914542657
1999-09-01,0.1783613427958186,0.7131017877679657,0.38620366383660903,0.09866714440465141
1999-10-01,0.3293916694549112,0.8790211202987431,0.8071066980999199,0.3662207492240797
1999-11-01,0.30067506576822517,0.7585556504283473,0.7310838686306816,0.37422957204150287
1999-12-01,0.2970184320576849,0.6531763184299871,0.6703302992194067,0.38589712129590376
2000-01-01,0.25914812742067994,0.3801988322350166,0.5904102773130807,0.35576318228028914
2000-02-01,0.19753749871714973,0.35243358239339095,0.5168684497095392,0.32887813076493866
2000-03-01,0.1823729178347874,0.21905186348913785,0.43001137079583707,0.29511235265834024
2000-04-01,0.2906562135421509,0.5502847836089302,0.392595594766915,0.4535704174543572
2000-05-01,0.3243765392275918,0.7367982988507409,0.48676598977603086,0.5182538703155743
2000-06-01,0.3069600277528374,0.8306449368877471,0.475758310572109,0.5132018172076074
2000-07-01,0.3048044328349768,0.6315063655379352,0.5530168504531089,0.512184223663761
2000-08-01,0.30095890303116235,0.18080212394555478,0.6814129806177491,0.5112187595726155
2000-09-01,0.29915527464134817,0.42094762460182533,0.7738078593383738,0.4623801354314422
2000-10-01,0.31287492424108204,0.527261404632954,0.5340962838368172,0.32809831388397714
2000-11-01,0.3526519842292027,0.5806949752558067,0.5059099906725355,0.398120029956631
2000-12-01,0.48309427304500285,0.729747890948187,0.6853236358166837,0.5250876594495326
2001-01-01,0.5947625377123106,0.7796528170405078,0.7482472041140913,0.6596766764567015
2001-02-01,0.341257050509302,0.7394488568466343,0.7135634391943216,0.6946775438633114
2001-03-01,0.4641075439028182,0.7500827000855187,0.7835244234847775,0.7973448967550981
2001-04-01,0.3022390242259742,0.5882489430001832,0.7407086397723364,0.6764789430818361
2001-05-01,0.3211243744072009,0.6720696682601619,0.7531845946160877,0.6580462762175959
2001-06-01,0.3072625577806092,0.4091451927269959,0.6783973093517341,0.6596276719099166
2001-07-01,0.30526538233415823,0.5916894069877343,0.5709295146074432,0.6597485963043722
2001-08-01,0.30262683253922906,0.33450777981064533,0.6166836948963265,0.6605708280141886
2001-09-01,0.35402674912628673,0.7207205494465225,0.48886816506653263,0.7054597736851235
2001-10-01,0.4188945712656235,0.753912927812992,0.7397909747864518,0.7330834619076252
2001-11-01,0.4322416156399616,0.7034633285773184,0.6606841006664109,0.7186546253871071
2001-12-01,0.4398678474658015,0.6105262892338787,0.6327980101995306,0.6330358268734192
2002-01-01,0.34331375889387056,0.5072110214232993,0.5849716074569198,0.5157799310153566
2002-02-01,0.2892692131485588,0.4360296159014231,0.5197598145280548,0.4781357046259689
2002-03-01,0.3633186741428448,0.5023471365151143,0.5258089486846123,0.4303354224939045
2002-04-01,0.40376472324241414,0.5996392413403748,0.5124518018293759,0.5231363063161312
2002-05-01,0.33624707284214445,0.6836963746542607,0.49920150936274893,0.4869940208069883
2002-06-01,0.33026358419310586,0.6022889360757556,0.49212143473241515,0.49521070221239816
2002-07-01,0.3288079721616883,0.4541215556096281,0.5313767540838736,0.49576142697777603
2002-08-01,0.32778173761427465,0.47978192349887827,0.64903898850648,0.49751364178641977
2002-09-01,0.3781381163349834,0.7247636603987394,0.6564975558878197,0.4954812442287553
2002-10-01,0.3516823467735877,0.6198668433145097,0.5207117012890536,0.43336219099348006
2002-11-01,0.44705345622493364,0.7193098590211441,0.6954248033530134,0.5094414658583836
2002-12-01,0.4982698335347616,0.6815300197034398,0.7009362343437313,0.5490569867344304
2003-01-01,0.5342152232711732,0.6974883680804991,0.6917486003474644,0.593078640798594
2003-02-01,0.5811668943252145,0.6634625474317255,0.7106819331559329,0.6775725594284635
2003-03-01,0.6100686163199014,0.6410132881856151,0.6704910628337069,0.6391009767755728
2003-04-01,0.6128145383101624,0.6284626338267821,0.684176986906883,0.6086804384873347
2003-05-01,0.32573917777542893,0.49898481200371037,0.6014110573804556,0.5962168952049527
2003-06-01,0.3125985331484819,0.4386309584609458,0.5595957539706553,0.5897242559601577
2003-07-01,0.310276125170412,0.3292226442596766,0.5307179107708302,0.5890104871653377
2003-08-01,0.31236642586952035,0.42004345308246166,0.43420555661025706,0.5916701850667678
2003-09-01,0.32795432523491286,0.5836104899392602,0.4163067766452061,0.562593755888621
2003-10-01,0.48641124983790396,0.8505057485524892,0.7647120847224498,0.6893479014278372
2003-11-01,0.5311430192661264,0.8176230538335243,0.8024921341417788,0.6544930457298765
2003-12-01,0.5635680631642379,0.784315940003149,0.7672239606955247,0.6494919521202317
2004-01-01,0.32945563493539487,0.5614576820251239,0.6910016953902363,0.5920043405354984
2004-02-01,0.3736680647474676,0.5806448869622758,0.705231826870538,0.5881081986956622
2004-03-01,0.42602527629643294,0.590485825894708,0.711326394741154,0.6083266798911201
2004-04-01,0.42772353053081313,0.6581402602784828,0.5891398678189708,0.6089789540608599
2004-05-01,0.49138431802439686,0.722320625092205,0.6312328368590508,0.6817100246240015
2004-06-01,0.34838103330827136,0.7017238120697665,0.6290521570050717,0.6841428229321052
2004-07-01,0.3482062944874419,0.754394261665503,0.7137199260083011,0.6857784653036791
2004-08-01,0.3483478845388589,0.48415880764264535,0.6925963030613989,0.6841044901629825
2004-09-01,0.3367135492652108,0.37931616643635085,0.6172229779275457,0.6661412614866589
2004-10-01,0.38317011367161624,0.597451722920723,0.6883292918993861,0.5707735708126741
2004-11-01,0.3046563733737071,0.4391446199869872,0.37972384285114735,0.4865431970898382
2004-12-01,0.28330053147008843,0.43025502961675044,0.3664139481418419,0.4251664151637696
2005-01-01,0.22573646588967775,0.2276791527268313,0.27696424981239515,0.3902762850934835
2005-02-01,0.22267776187049826,0.3960788587552167,0.301264974694718,0.34039069897649454
2005-03-01,0.22015443136454949,0.37096329369589554,0.30832286323872105,0.27855148670579205
2005-04-01,0.17659841849301508,0.3794722022703283,0.17898757072405475,0.213346027558537
2005-05-01,0.1580297373997157,0.3140650901419625,0.25084648940286713,0.11245588429486975
2005-06-01,0.14219004542076388,0.28241862065158957,0.19788122455977447,0.1059645840199342
2005-07-01,0.14005431543090877,0.4004518715014634,0.28569597658070245,0.10312720257401992
2005-08-01,0.1359043826424389,0.23722728828098233,0.20020730882424603,0.09769090793599566
2005-09-01,0.14623535847258634,0.5160635367235142,0.23017319309842837,0.12062882640826145
2005-10-01,0.19380992118396848,0.6400817226483814,0.5212387266894108,0.1460821889176947
2005-11-01,0.1633580152929549,0.5355605846793725,0.455030390902859,0.16876218837435247
2005-12-01,0.15080367585786952,0.4873251082110659,0.45308029782523607,0.1466134108204477
2006-01-01,0.18236817454523632,0.47972242558820166,0.49129790449631455,0.2690382577983531
2006-02-01,0.18840091883639956,0.5528153365081668,0.5004766023494839,0.28649920946626484
2006-03-01,0.24348826143554214,0.6188086534334125,0.5303003040704672,0.358027395764823
2006-04-01,0.23409314128807218,0.5852293216124841,0.4832870653043726,0.39236721046748596
2006-05-01,0.22784102453471858,0.5823481115923773,0.5311742365039609,0.41144728373950396
2006-06-01,0.2324782753082703,0.5340916247049132,0.5736468767581394,0.4338999217351809
2006-07-01,0.23174350492580664,0.5709483238469325,0.5591777112920797,0.4353626048497225
2006-08-01,0.2517866281663729,0.7140611729469524,0.6054026788774269,0.4595043451052697
2006-09-01,0.2767692833069765,0.7115678813209002,0.5863204257555644,0.471946474983843
2006-10-01,0.35159134603505887,0.7643415142331851,0.7413878564132884,0.5008619767256903
2006-11-01,0.39501015991399463,0.7223485705466257,0.74823413404614,0.5659275568884403
2006-12-01,0.3281038702624973,0.6160330164606249,0.6348349756836532,0.553758896013415
2007-01-01,0.3165976236631823,0.5013035819489725,0.5871057614873666,0.5106308741245549
2007-02-01,0.329018894121675,0.48533636624596854,0.5672595937266849,0.5172173702820255
2007-03-01,0.3191123300178086,0.4764953059859632,0.5138731504862509,0.4547156405745046
2007-04-01,0.3459038365545347,0.5463353857999108,0.47539356734611665,0.4894170736677486
2007-05-01,0.4012193581430309,0.6448385408572469,0.5101540485878554,0.5478170900864041
2007-06-01,0.34404274130963697,0.7275434404737893,0.5465169530000299,0.5328229998117503
2007-07-01,0.34163972434821,0.7136227360299617,0.5921706105901495,0.5313629071195509
2007-08-01,0.3481080858560268,0.48159005563182605,0.6064353991108116,0.5193111794508203
2007-09-01,0.39128627011643435,0.722470870297239,0.774217616042167,0.5355716255553296
2007-10-01,0.3479064914970341,0.611964078461715,0.6703854109237856,0.46128030401853237
2007-11-01,0.3632787839175092,0.5777670388124967,0.5338469094618691,0.4330187252323734
2007-12-01,0.303600834494074,0.39094809446353374,0.4405077879361386,0.39599783676961087
2008-01-01,0.3085902838758856,0.4473438976263589,0.4465462338667434,0.4129580183775163
2008-02-01,0.3017695718642577,0.44402973657228967,0.4333727528715368,0.3949802134614779
2008-03-01,0.28274252855511595,0.45596079924187716,0.3407264398333128,0.3877169545305321
2008-04-01,0.40967977643223075,0.6622767696555512,0.512770789790336,0.4893450687091133
2008-05-01,0.4423922760210219,0.7581005222033799,0.5533792650284183,0.46950023128011226
2008-06-01,0.3482859475785627,0.8761062436254257,0.6334209012571567,0.474606962145221
2008-07-01,0.352123405796969,0.6777521293091099,0.680576223336532,0.4805928663953344
2008-08-01,0.3476482390856636,0.4765928815941638,0.7311710188320246,0.4704742883427223
2008-09-01,0.39320903255209405,0.7139268207648046,0.9201354415416936,0.4710941883888885
2008-10-01,0.44610234623233364,0.7194680105944298,0.750628866964991,0.5301978449530375
2008-11-01,0.4494911415436558,0.6628560117168746,0.6300116389249126,0.5199898469646705
2008-12-01,0.4602072946436353,0.5844613104937564,0.6062823244858682,0.5787458705289307
2009-01-01,0.5033799522331063,0.5698626734835819,0.6168128189725115,0.6118019750462785
2009-02-01,0.5352162979204356,0.6180529333389118,0.6354988346941567,0.6430447150510423
2009-03-01,0.5718530269149362,0.6408396311436918,0.6067418257147471,0.6874413929225403
2009-04-01,0.3443242572645424,0.5929823255892757,0.5569294097156471,0.5709461464342779
2009-05-01,0.30748863540061844,0.4669212827829283,0.5405225027192324,0.5063831975436897
2009-06-01,0.2960946138128701,0.36470813445779954,0.5339500500818617,0.5039684877843875
2009-07-01,0.29376143516283293,0.28838782199401997,0.48328844951616834,0.4982946858824666
2009-08-01,0.2991266662968206,0.4808998859798665,0.4125102253614853,0.507622263817719
2009-09-01,0.32702141260758555,0.6580290743815093,0.4040491705338335,0.49006262503870585
2009-10-01,0.3196744982350975,0.5752227951941508,0.4016077894292031,0.436921839242219
2009-11-01,0.2891084116614867,0.4556489475615877,0.3970655409245679,0.4012943484302724
2009-12-01,0.5985919583668768,0.8197902333921412,0.8187248613814119,0.676938204022131
2010-01-01,0.7136200480317307,0.8599245349869975,0.8531675311702454,0.7340282383995271
2010-02-01,0.9195018858508048,0.9819898899593464,0.9522349711430853,0.8574573675268142
2010-03-01,0.9999999999999999,0.8963938218284864,0.9550553025111488,0.8832457288085124
2010-04-01,0.3548483076436005,0.8865671909891728,0.9606129266558814,0.8982447756435851
2010-05-01,0.3358569152700529,0.6222304520640165,1.0,0.8930824505825136
2010-06-01,0.36366517584585356,0.5841843343976446,0.9069677400925913,0.9137564740697285
2010-07-01,0.35418599460089756,0.6048944267077128,0.8805038912938751,0.9137473367044663
2010-08-01,0.3792078780007128,0.8365073147166895,0.6941987175138196,0.9252074321502455
2010-09-01,0.38314218929972865,0.6395257043570953,0.5881391179951229,0.9196094898685443
2010-10-01,0.4333398690409778,0.6917704478902578,0.678775134287431,0.9328529610645506
2010-11-01,0.5026109933365789,0.6946324688523852,0.7582359757842018,1.0
2010-12-01,0.7367377718375427,0.8945530727203432,0.8905919451690536,0.9963269787107805
2011-01-01,0.7419119751550964,0.7997824986626957,0.8284880323849769,0.9208436068749607
2011-02-01,0.7669204422949851,0.7669150337761605,0.7974845730199729,0.7844482732525229
2011-03-01,0.7928271099448221,0.5729831426332737,0.7880011363253461,0.7407915622047035
2011-04-01,0.8399153118281008,0.6577509233529916,0.7912498506670663,0.7825201538384823
2011-05-01,0.8531471431106958,0.6697383062444952,0.7802446382392116,0.7939250357599914
2011-06-01,0.8617015173353009,0.7257694041675264,0.6267038294524762,0.777626251358827
2011-07-01,0.35438517178439166,0.6502767581028915,0.6639664448263485,0.7777272431667599
2011-08-01,0.35187619268883186,0.5904356022647027,0.6572487429828472,0.7578606443753659
2011-09-01,0.354392599489491,0.47189994744362823,0.6672729014608447,0.7622736796810954
2011-10-01,0.35396758043395377,0.5020432169924877,0.5267560966321926,0.7145427340729651
2011-11-01,0.40258841399333767,0.578948194988665,0.5595915645489271,0.703664348533888
2011-12-01,0.3023397461533033,0.46901989541668104,0.4242415761051117,0.4554161109215025
2012-01-01,0.2659712807643846,0.43189465650329917,0.37086400775980943,0.4096550819236376
2012-02-01,0.21011168853570406,0.22894741584361555,0.30652988672801906,0.3215319660587528
2012-03-01,0.1869851971567918,0.21621378058178026,0.2605375234636412,0.26579711903272074
2012-04-01,0.20621600436388102,0.3512466728246355,0.3083277807302376,0.22302453580752296
2012-05-01,0.2108219769218935,0.4983502947571277,0.2526756998062092,0.22579191361368234
2012-06-01,0.19325188652396405,0.5815835920826063,0.2694776903613413,0.19540596646545794
2012-07-01,0.19128074061247508,0.5174881643034095,0.3133011874262961,0.19560922293451982
2012-08-01,0.18725257051026328,0.17243255730494683,0.4065476412048292,0.19451413007650686
2012-09-01,0.2561245484572431,0.7758913069938947,0.6724610527775206,0.27241839847410754
2012-10-01,0.3236633464871668,0.7847472212391083,0.7412915625328442,0.36309530566055137
2012-11-01,0.4801611628694801,0.8992034063670249,0.8856246524489961,0.46901975408635366
2012-12-01,0.33671005098798745,0.7518465655922526,0.7838414394633223,0.4974564667536782
2013-01-01,0.37681064293522004,0.6924247808501859,0.7647902854670026,0.5697327782752825
2013-02-01,0.40822160506827915,0.5829557281460531,0.7654718534282631,0.645096745144285
2013-03-01,0.6393165242114429,0.8214618871472332,0.8534766649998082,0.8370741660126757
2013-04-01,0.34971759021376336,0.855672941162241,0.8090515552093454,0.8251960110973708
2013-05-01,0.3381067590376371,0.8602333033132337,0.7140245935480538,0.8005124018936431
2013-06-01,0.32285921510706034,0.46439238532117977,0.7806945337826281,0.7991871113735831
2013-07-01,0.3235382799145782,0.46184780545007764,0.809650155174765,0.8009663527297286
2013-08-01,0.3473368516880878,0.6270363759437154,0.8715840311465178,0.8194546231678206
2013-09-01,0.36152506693870623,0.6899337758062625,0.5105557228913711,0.7879794136760552
2013-10-01,0.3467871571182835,0.581375811593626,0.4809977468099481,0.7209502489595578
2013-11-01,0.30169729803860584,0.37703014026336157,0.3626074026529512,0.5673489238929168
2013-12-01,0.3362317678160554,0.44269593731021684,0.46963388558045904,0.6195262649862198
2014-01-01,0.3866847748726656,0.5488951254559509,0.5236208415650712,0.6269860411425373
2014-02-01,0.4384115030221135,0.665772464437514,0.5472865039209194,0.6420193148977227
2014-03-01,0.45261004312303565,0.6461799977950923,0.5292559962036554,0.4416066899272753
2014-04-01,0.3533570362028152,0.6035782291862842,0.546516513961346,0.44320432842535956
2014-05-01,0.32154692772113486,0.44555890441690726,0.5832002720307773,0.4268000175351224
2014-06-01,0.316571143500536,0.44293828268510627,0.5670897967295084,0.4386302720174576
2014-07-01,0.3147721358467433,0.3867367093915034,0.5165134095568138,0.43622760404684247
2014-08-01,0.31026531061188667,0.44728629617032334,0.3814730331669056,0.40801440868782923
2014-09-01,0.35069405032175766,0.6715353047563625,0.4789937610730126,0.4319556314324493
2014-10-01,0.3660006888307682,0.6345931009319103,0.5092766335523492,0.4620349604066798
2014-11-01,0.47632581310297506,0.7527368959418576,0.7297769890514634,0.5987508803922428
2014-12-01,0.32263947814613686,0.6186031273178483,0.6244336643596448,0.5410052932649557
2015-01-01,0.32929601598238056,0.5993601245413246,0.5990091394915935,0.49663583371145475
2015-02-01,0.3037735216499318,0.4472591607280883,0.5648433632284952,0.41882899672266527
2015-03-01,0.31444714311026584,0.47783777707866076,0.5166482866772019,0.4173836322224631
2015-04-01,0.3087033319817462,0.44728865897276454,0.506624519972058,0.4117314600959707
2015-05-01,0.2674048771735023,0.4028008143012065,0.3428925898976664,0.4072589091367245
2015-06-01,0.2573532949341937,0.37800738820522195,0.3540707598256688,0.40381947460618306
2015-07-01,0.25582352891120946,0.26395067593934085,0.316276709636713,0.4041713176291243
2015-08-01,0.25529643452759965,0.4368824545164102,0.332861000651623,0.4087327864584642
2015-09-01,0.26905647000517957,0.5634135273599842,0.3475673048594997,0.37695346429145704
2015-10-01,0.31249896858683873,0.6463380576888164,0.48543009140691357,0.4148090374113576
2015-11-01,0.30488063368549434,0.5769316319842849,0.5251215304593896,0.28383248166509695
2015-12-01,0.24866502699453713,0.4422841999628533,0.4227943400283825,0.22968677385760322
2016-01-01,0.26052585358540337,0.4143263966786356,0.4409722868951089,0.23579724024911136
2016-02-01,0.27181566356884707,0.47715780604785557,0.4590749879208237,0.28936026953772465
2016-03-01,0.2656144378958963,0.517806890971972,0.42123807322507273,0.27271450735751873
2016-04-01,0.30731275413806236,0.5769025295285345,0.4328270059218701,0.32502897399335107
2016-05-01,0.38233030821113134,0.7106648948596713,0.5446564405071042,0.45698063321860355
2016-06-01,0.3394685092304772,0.785985258655156,0.6169026705943621,0.4514605549256067
2016-07-01,0.3400868021583128,0.7628255750882099,0.6462089950310791,0.45362036073503753
2016-08-01,0.34003898364287244,0.37434412513178816,0.6644777425243522,0.45443879921211267
2016-09-01,0.3301035275127788,0.4050762639609977,0.7193048212039231,0.42835282612997616
2016-10-01,0.3614397220013036,0.5635292699616214,0.6669537332053009,0.4231423184605223
2016-11-01,0.43920510618135317,0.6587799123607293,0.611863100535262,0.502969345710201
2016-12-01,0.442753018090045,0.6456051092873292,0.5948745750549236,0.5576447812111702
2017-01-01,0.3202547615000064,0.5553577047787898,0.5214951897184846,0.509809080353878
2017-02-01,0.32136587429491115,0.47944379429950584,0.5171334997113483,0.5004310025868826
2017-03-01,0.35882252143595234,0.4952159478341998,0.547787127782509,0.5425049923468943
2017-04-01,0.34550746732707277,0.5433795759138018,0.5170062359017374,0.4918630487967084
2017-05-01,0.33242705668490463,0.5274960665996025,0.437676393149167,0.40622446482312974
2017-06-01,0.31928085756269037,0.45230853800494003,0.4064885884087235,0.41192800504496824
2017-07-01,0.31885310969914993,0.45928123627840056,0.4743423571090553,0.4109264715916441
2017-08-01,0.32826917979705117,0.5228516322785164,0.48793646879150854,0.42100892592077005
2017-09-01,0.3110369507621065,0.41659293905349415,0.3476473458851175,0.41046025045103385
2017-10-01,0.2993608966986942,0.43747439133974114,0.3287927427692281,0.37443404502490996
2017-11-01,0.31627063212796164,0.45098537988902876,0.4027766682423814,0.30417882791723233
2017-12-01,0.305582650151094,0.46976357858258905,0.413688710969629,0.26348569871153954
2018-01-01,0.3071287021343011,0.5070555807515975,0.41747276761077323,0.309946353104056
2018-02-01,0.30248031366056444,0.5041386085878854,0.40633937089611816,0.3082231521955278
2018-03-01,0.5460267461597071,0.7690243445968297,0.6551385998087713,0.5278173569025958
2018-04-01,0.5719823449187924,0.8654376655215246,0.6932013858812704,0.5621322295814567
2018-05-01,0.3535616842821101,0.9283257028507661,0.7045087854766453,0.5696226353383229
2018-06-01,0.34777420147522886,0.6098687468188057,0.7696334564715073,0.5757859245951179
2018-07-01,0.3452562817898212,0.5343924219763014,0.8379277036710895,0.5740177150629314
2018-08-01,0.3512941092067936,0.5398556646749482,0.9305653606294497,0.571198374020014
2018-09-01,0.3676057706376029,0.606729758028669,0.5961299661022257,0.6010523382075992
2018-10-01,0.42451014928623854,0.6919627939822495,0.6415264025307353,0.6516697096388631
2018-11-01,0.48015214424503183,0.7023947817469931,0.6859503595970871,0.6843524041317302
2018-12-01,0.3030317377654746,0.5732512232740141,0.5616330834033517,0.6624487135410768
2019-01-01,0.29662848405339376,0.4903513233338945,0.5318701001599504,0.6538613242816694
2019-02-01,0.24409205270160253,0.33100302028199974,0.459104579279765,0.610014113227824
2019-03-01,0.2275174332591924,0.34119448362164084,0.40573756281186785,0.3551884841484185
2019-04-01,0.27294328858637357,0.4404195847928405,0.40599778449292,0.37320894252805537
2019-05-01,0.22693415737810638,0.45459999256705264,0.28008793126636605,0.3326176416401997
2019-06-01,0.20898754585964777,0.5119379244286483,0.3000136182913233,0.32153597814838675
2019-07-01,0.20693928114767435,0.0,0.27527237532849924,0.32217050721120943
2019-08-01,0.20908918181624264,0.3475724645290904,0.372778156190964,0.31838527543055184
2019-09-01,0.2510216237396192,0.7030296721303355,0.5609464085174182,0.3424187278035017
2019-10-01,0.21979111276249697,0.540726940889421,0.30272017242730864,0.25333199569004894
2019-11-01,0.27134895051249497,0.5991327869017019,0.539213885139925,0.24291745678873214
2019-12-01,0.3362569812128062,0.6097075461243506,0.626061760200342,0.3632633057216419
2020-01-01,0.34437681906953377,0.6427225998603011,0.6022153530048612,0.3787143198976447
2020-02-01,0.2843687206817066,0.5384425382489748,0.5253161558652587,0.3739786689145391
2020-03-01,0.32489876966523434,0.4724910307239216,0.5066185963223264,0.4375648906370178
2020-04-01,0.35821303920892966,0.5176979373723102,0.5799948387056054,0.4224538023293188
2020-05-01,0.3714788742267372,0.6712738713378601,0.5675768099379388,0.48566190305501006
2020-06-01,0.34234820680885814,0.6465116661363494,0.49204663209639027,0.4901708832512953
2020-07-01,0.344176347042865,0.5841369249606854,0.4997719879511205,0.4938458621500581
2020-08-01,0.34613759925470294,0.45946260264549493,0.6318249282763225,0.49392874424794275
2020-09-01,0.34578475841029915,0.5119402288471312,0.593114789116651,0.45149595436087653
2020-10-01,0.33926973537330507,0.48793425640753285,0.46398782113136317,0.47978683986766835
2020-11-01,0.38217987508149837,0.5520453343061646,0.5005764225578472,0.47105503738095367
2020-12-01,0.3490426171005596,0.5276611048779491,0.4922361683868211,0.3865483513686722
2021-01-01,0.387891552143359,0.5895522280522706,0.5251020291894195,0.4192676341456955
2021-02-01,0.3902598992298,0.5630029485924685,0.5195354134777926,0.48563906327761025
2021-03-01,0.33539647217369156,0.5226974024590548,0.48067121446178596,0.42495742713897794
2021-04-01,0.3342631578393677,0.44908892940899936,0.49836607027299085,0.38490894183743257
2021-05-01,0.30623941502224117,0.36171622632502753,0.43976184101663457,0.3465335785046195
2021-06-01,0.30746611426081816,0.4827407226802145,0.449258520352935,0.36577309040485806
2021-07-01,0.3054861104736283,0.44755669088014144,0.37395318709520753,0.36172663181241516
2021-08-01,0.3074627659820326,0.5689220126421701,0.33142846152015404,0.3623069635909341
2021-09-01,0.32793952939407695,0.6099154622183536,0.4737629964441874,0.38075169066209846
2021-10-01,0.30486971971822363,0.501430437956469,0.3863563329256314,0.3729146661406967
2021-11-01,0.28276388309661155,0.4197464049747194,0.3837397264561408,0.2976513688918515
2021-12-01,0.3013071268072974,0.4302872286772088,0.4273315468532072,0.3070852730913044
